login_id,customer_id,device_id,geo_id,ts,channel,result,device_known
L-7000,C-1162,D-4239,G-5125,2025-01-03 12:31:38,MOBILE,FAIL,True
L-7004,C-1476,D-4182,G-5103,2025-04-19 06:06:45,MOBILE,SUCCESS,True
L-7006,C-1463,D-4228,G-5243,2024-03-01 00:23:43,ATM,LOCKED,True
L-7007,C-1089,D-4148,G-5155,2024-08-04 09:45:25,WEB,LOCKED,True
L-7010,C-1282,D-4321,G-5240,2024-12-04 23:57:48,ATM,LOCKED,True
L-7011,C-1434,D-4127,G-5058,2025-01-10 10:56:43,MOBILE,FAIL,True
L-7013,C-1242,D-4194,G-5244,2024-11-02 21:00:07,MOBILE,SUCCESS,True
L-7015,C-1292,D-4093,G-5229,2024-03-25 12:38:39,WEB,FAIL,True
L-7016,C-1484,D-4343,G-5290,2025-02-04 03:13:45,ATM,FAIL,True
L-7018,C-1319,D-4153,G-5201,2025-03-29 13:57:40,MOBILE,SUCCESS,True
L-7019,C-1478,D-4342,G-5100,2024-10-06 17:40:31,ATM,FAIL,True
L-7021,C-1318,D-4302,G-5213,2024-06-30 23:34:36,MOBILE,FAIL,True
L-7022,C-1435,D-4129,G-5098,2024-04-27 02:13:06,ATM,LOCKED,True
L-7023,C-1462,D-4012,G-5250,2025-07-08 21:52:15,ATM,SUCCESS,True
L-7024,C-1026,D-4332,G-5122,2024-02-18 20:57:01,ATM,FAIL,True
L-7025,C-1229,D-4221,G-5172,2025-01-05 23:22:17,WEB,FAIL,True
L-7026,C-1383,D-4388,G-5234,2024-12-23 00:57:31,WEB,FAIL,True
L-7027,C-1282,D-4016,G-5066,2024-03-14 12:01:22,WEB,LOCKED,True
L-7035,C-1458,D-4058,G-5011,2024-05-23 22:46:54,MOBILE,SUCCESS,True
L-7037,C-1078,D-4292,G-5121,2024-10-29 20:12:20,WEB,SUCCESS,True
L-7038,C-1004,D-4370,G-5006,2025-06-29 21:43:03,ATM,LOCKED,True
L-7040,C-1447,D-4169,G-5054,2025-04-17 20:32:52,WEB,SUCCESS,True
L-7041,C-1360,D-4071,G-5102,2024-09-03 23:24:14,WEB,SUCCESS,True
L-7042,C-1046,D-4367,G-5046,2024-10-07 07:49:10,WEB,FAIL,True
L-7043,C-1405,D-4351,G-5119,2023-09-01 05:27:32,MOBILE,SUCCESS,True
L-7045,C-1271,D-4098,G-5243,2024-02-20 21:04:16,MOBILE,LOCKED,True
L-7048,C-1259,D-4003,G-5040,2024-01-27 21:58:40,MOBILE,SUCCESS,True
L-7050,C-1063,D-4359,G-5038,2024-10-14 02:00:57,MOBILE,SUCCESS,True
L-7051,C-1434,D-4164,G-5116,2024-06-10 09:45:41,MOBILE,FAIL,True
L-7055,C-1455,D-4349,G-5128,2024-01-19 23:13:33,ATM,SUCCESS,True
L-7060,C-1348,D-4310,G-5033,2024-03-05 22:31:40,ATM,LOCKED,True
L-7061,C-1429,D-4163,G-5230,2024-07-07 18:05:28,ATM,LOCKED,True
L-7063,C-1390,D-4250,G-5160,2024-06-16 13:03:15,MOBILE,SUCCESS,True
L-7066,C-1444,D-4237,G-5231,2024-10-07 05:40:06,MOBILE,SUCCESS,True
L-7069,C-1076,D-4204,G-5187,2025-08-09 05:16:24,WEB,FAIL,True
L-7070,C-1405,D-4338,G-5088,2024-03-28 11:31:48,MOBILE,LOCKED,True
L-7071,C-1484,D-4094,G-5111,2025-05-17 19:32:53,WEB,SUCCESS,True
L-7074,C-1155,D-4281,G-5142,2024-08-29 06:56:00,MOBILE,SUCCESS,True
L-7078,C-1244,D-4311,G-5148,2023-10-08 13:34:15,MOBILE,SUCCESS,True
L-7081,C-1159,D-4350,G-5219,2024-03-27 00:51:36,WEB,LOCKED,True
L-7082,C-1066,D-4271,G-5144,2023-11-02 10:04:01,ATM,LOCKED,True
L-7083,C-1191,D-4352,G-5065,2024-05-25 18:35:54,ATM,LOCKED,True
L-7084,C-1496,D-4242,G-5032,2023-08-27 13:55:11,WEB,FAIL,True
L-7085,C-1189,D-4213,G-5126,2025-03-09 03:12:02,MOBILE,FAIL,True
L-7087,C-1284,D-4174,G-5295,2024-06-21 15:08:09,ATM,LOCKED,True
L-7088,C-1099,D-4065,G-5164,2024-02-12 05:14:42,MOBILE,LOCKED,True
L-7089,C-1303,D-4312,G-5121,2024-01-10 19:03:09,MOBILE,FAIL,True
L-7090,C-1288,D-4240,G-5009,2025-05-17 07:54:19,ATM,LOCKED,True
L-7091,C-1450,D-4048,G-5196,2025-02-25 08:05:50,MOBILE,LOCKED,True
L-7093,C-1308,D-4372,G-5136,2025-06-07 19:01:29,WEB,FAIL,True
L-7096,C-1114,D-4324,G-5001,2023-11-14 20:18:12,ATM,FAIL,True
L-7098,C-1489,D-4163,G-5248,2025-05-10 14:59:17,ATM,LOCKED,True
L-7099,C-1452,D-4274,G-5102,2025-03-21 20:37:01,MOBILE,LOCKED,True
L-7100,C-1309,D-4061,G-5151,2025-07-09 16:35:50,WEB,LOCKED,True
L-7101,C-1453,D-4099,G-5268,2023-12-14 04:48:29,ATM,SUCCESS,True
L-7102,C-1404,D-4192,G-5216,2024-07-08 03:57:47,WEB,FAIL,True
L-7103,C-1133,D-4104,G-5073,2024-06-01 22:23:50,ATM,SUCCESS,True
L-7107,C-1055,D-4140,G-5233,2024-10-13 12:41:19,ATM,SUCCESS,True
L-7111,C-1072,D-4161,G-5192,2024-07-27 00:23:16,WEB,LOCKED,True
L-7113,C-1167,D-4313,G-5017,2024-01-30 12:47:12,ATM,FAIL,True
L-7114,C-1289,D-4387,G-5291,2025-07-18 12:14:05,WEB,LOCKED,True
L-7117,C-1267,D-4083,G-5120,2024-06-28 00:49:18,WEB,FAIL,True
L-7118,C-1497,D-4182,G-5173,2024-08-23 12:15:05,WEB,FAIL,True
L-7121,C-1404,D-4202,G-5079,2024-07-23 06:09:45,WEB,SUCCESS,True
L-7122,C-1229,D-4081,G-5059,2024-03-20 13:02:43,ATM,SUCCESS,True
L-7123,C-1122,D-4028,G-5285,2025-02-13 18:57:27,WEB,SUCCESS,True
L-7125,C-1021,D-4112,G-5119,2025-07-26 05:46:08,MOBILE,SUCCESS,True
L-7127,C-1343,D-4202,G-5009,2025-06-27 11:21:32,ATM,FAIL,True
L-7128,C-1012,D-4342,G-5212,2024-07-27 00:25:54,WEB,SUCCESS,True
L-7129,C-1102,D-4301,G-5018,2025-03-27 15:54:49,MOBILE,SUCCESS,True
L-7131,C-1041,D-4297,G-5188,2024-03-05 21:52:57,MOBILE,FAIL,True
L-7132,C-1108,D-4077,G-5274,2024-02-12 05:00:17,WEB,LOCKED,True
L-7133,C-1381,D-4318,G-5144,2025-06-17 08:56:18,ATM,LOCKED,True
L-7134,C-1191,D-4261,G-5198,2025-06-22 07:15:29,MOBILE,SUCCESS,True
L-7135,C-1386,D-4311,G-5131,2023-12-10 13:54:23,ATM,SUCCESS,True
L-7136,C-1167,D-4133,G-5201,2025-07-28 06:40:26,WEB,LOCKED,True
L-7140,C-1380,D-4105,G-5102,2025-04-26 08:26:58,ATM,LOCKED,True
L-7142,C-1027,D-4331,G-5117,2024-12-19 14:42:25,ATM,SUCCESS,True
L-7143,C-1261,D-4012,G-5158,2024-08-29 03:32:57,WEB,SUCCESS,True
L-7144,C-1424,D-4092,G-5170,2024-03-18 23:21:39,MOBILE,FAIL,True
L-7145,C-1484,D-4368,G-5198,2023-11-21 03:17:26,ATM,FAIL,True
L-7148,C-1315,D-4054,G-5000,2023-12-18 11:02:31,WEB,LOCKED,True
L-7149,C-1025,D-4005,G-5140,2025-04-25 09:30:20,WEB,FAIL,True
L-7151,C-1027,D-4188,G-5110,2025-02-27 00:53:28,MOBILE,FAIL,True
L-7152,C-1379,D-4190,G-5038,2025-04-06 05:55:39,ATM,FAIL,True
L-7153,C-1334,D-4011,G-5152,2024-11-15 14:52:00,WEB,SUCCESS,True
L-7157,C-1445,D-4296,G-5285,2023-10-19 18:59:55,ATM,FAIL,True
L-7160,C-1203,D-4347,G-5193,2023-11-03 12:39:53,WEB,SUCCESS,True
L-7162,C-1498,D-4006,G-5295,2024-01-12 15:04:17,WEB,LOCKED,True
L-7163,C-1032,D-4394,G-5143,2024-12-26 13:37:29,ATM,LOCKED,True
L-7164,C-1245,D-4103,G-5136,2024-09-09 13:30:09,WEB,LOCKED,True
L-7167,C-1487,D-4359,G-5250,2024-09-04 16:10:05,MOBILE,LOCKED,True
L-7168,C-1434,D-4380,G-5024,2025-05-12 04:48:03,ATM,FAIL,True
L-7170,C-1278,D-4083,G-5191,2023-11-20 03:20:55,ATM,LOCKED,True
L-7171,C-1282,D-4276,G-5074,2025-02-06 08:05:12,ATM,LOCKED,True
L-7172,C-1327,D-4177,G-5208,2025-07-05 07:19:39,MOBILE,LOCKED,True
L-7173,C-1205,D-4190,G-5239,2024-12-01 17:49:55,ATM,FAIL,True
L-7177,C-1441,D-4348,G-5084,2024-04-14 19:51:19,WEB,FAIL,True
L-7178,C-1259,D-4320,G-5074,2024-10-01 17:03:56,ATM,LOCKED,True
L-7179,C-1323,D-4381,G-5081,2024-03-17 08:29:03,MOBILE,SUCCESS,True
L-7181,C-1450,D-4057,G-5256,2025-07-10 23:24:20,WEB,LOCKED,True
L-7182,C-1053,D-4294,G-5002,2024-08-19 00:13:13,ATM,LOCKED,True
L-7185,C-1336,D-4201,G-5112,2024-12-30 21:18:46,ATM,LOCKED,True
L-7186,C-1208,D-4352,G-5054,2024-08-25 02:31:57,MOBILE,LOCKED,True
L-7189,C-1468,D-4036,G-5156,2024-01-26 01:03:50,MOBILE,FAIL,True
L-7190,C-1155,D-4107,G-5277,2024-02-25 21:59:47,WEB,SUCCESS,True
L-7191,C-1012,D-4008,G-5015,2025-06-26 21:48:29,ATM,SUCCESS,True
L-7192,C-1106,D-4095,G-5036,2025-06-04 18:14:41,WEB,FAIL,True
L-7194,C-1206,D-4005,G-5153,2024-07-23 07:33:39,ATM,FAIL,True
L-7198,C-1358,D-4242,G-5196,2024-02-09 12:44:09,WEB,FAIL,True
L-7200,C-1194,D-4019,G-5249,2024-05-02 05:27:57,WEB,FAIL,True
L-7208,C-1289,D-4198,G-5274,2024-10-09 18:07:37,WEB,FAIL,True
L-7215,C-1154,D-4093,G-5114,2025-08-03 09:07:01,ATM,LOCKED,True
L-7218,C-1067,D-4379,G-5288,2025-04-05 20:31:09,WEB,FAIL,True
L-7220,C-1268,D-4355,G-5188,2025-01-05 16:44:25,WEB,FAIL,True
L-7222,C-1359,D-4216,G-5034,2024-01-16 00:47:58,WEB,SUCCESS,True
L-7224,C-1259,D-4124,G-5070,2023-09-20 04:32:57,WEB,SUCCESS,True
L-7225,C-1082,D-4044,G-5292,2024-01-17 19:47:10,MOBILE,LOCKED,True
L-7226,C-1100,D-4228,G-5279,2025-04-08 06:46:34,ATM,LOCKED,True
L-7228,C-1211,D-4059,G-5286,2023-09-18 02:00:44,WEB,SUCCESS,True
L-7230,C-1359,D-4200,G-5005,2024-07-04 23:05:35,ATM,SUCCESS,True
L-7231,C-1261,D-4006,G-5057,2025-06-25 02:28:23,ATM,LOCKED,True
L-7232,C-1271,D-4004,G-5155,2024-10-09 13:30:43,MOBILE,FAIL,True
L-7235,C-1050,D-4088,G-5198,2024-07-27 15:53:44,WEB,SUCCESS,True
L-7236,C-1341,D-4065,G-5261,2025-04-04 22:27:00,MOBILE,SUCCESS,True
L-7237,C-1244,D-4262,G-5037,2024-08-25 23:16:24,MOBILE,SUCCESS,True
L-7238,C-1320,D-4385,G-5211,2023-10-12 12:38:30,ATM,SUCCESS,True
L-7240,C-1021,D-4164,G-5202,2023-10-31 17:42:52,WEB,SUCCESS,True
L-7243,C-1486,D-4260,G-5208,2025-08-05 17:22:19,MOBILE,SUCCESS,True
L-7250,C-1387,D-4352,G-5286,2024-01-15 04:28:44,MOBILE,FAIL,True
L-7251,C-1172,D-4046,G-5250,2024-02-28 07:43:03,ATM,LOCKED,True
L-7252,C-1264,D-4315,G-5032,2025-07-12 10:42:43,ATM,LOCKED,True
L-7253,C-1137,D-4138,G-5147,2025-03-06 20:33:28,MOBILE,FAIL,True
L-7255,C-1497,D-4156,G-5098,2025-08-12 01:04:31,ATM,LOCKED,True
L-7256,C-1346,D-4210,G-5142,2023-11-08 05:43:21,ATM,LOCKED,True
L-7257,C-1217,D-4342,G-5096,2025-06-26 15:20:42,MOBILE,LOCKED,True
L-7259,C-1408,D-4236,G-5297,2024-11-11 06:50:05,MOBILE,SUCCESS,True
L-7260,C-1370,D-4370,G-5149,2023-11-19 20:07:22,MOBILE,SUCCESS,True
L-7261,C-1306,D-4324,G-5172,2023-12-03 11:59:54,MOBILE,LOCKED,True
L-7262,C-1414,D-4254,G-5191,2024-01-19 06:42:56,MOBILE,FAIL,True
L-7267,C-1478,D-4281,G-5298,2024-12-03 05:11:52,ATM,LOCKED,True
L-7269,C-1218,D-4321,G-5250,2024-11-25 11:18:24,WEB,FAIL,True
L-7270,C-1223,D-4198,G-5160,2024-10-04 04:08:23,WEB,SUCCESS,True
L-7272,C-1433,D-4035,G-5142,2025-01-29 15:43:36,WEB,LOCKED,True
L-7273,C-1274,D-4137,G-5065,2023-11-14 03:25:10,WEB,LOCKED,True
L-7276,C-1319,D-4368,G-5141,2024-02-03 10:11:16,ATM,FAIL,True
L-7277,C-1123,D-4118,G-5112,2025-08-01 18:45:06,ATM,LOCKED,True
L-7282,C-1048,D-4126,G-5208,2025-08-21 22:26:46,MOBILE,SUCCESS,True
L-7284,C-1143,D-4054,G-5001,2024-08-06 21:36:33,MOBILE,LOCKED,True
L-7286,C-1109,D-4118,G-5051,2024-05-12 08:26:16,WEB,FAIL,True
L-7287,C-1364,D-4227,G-5226,2025-08-07 13:26:16,MOBILE,LOCKED,True
L-7290,C-1404,D-4268,G-5175,2025-04-22 05:51:23,ATM,SUCCESS,True
L-7292,C-1105,D-4190,G-5073,2024-09-09 14:21:21,WEB,LOCKED,True
L-7294,C-1106,D-4111,G-5160,2023-10-16 22:26:33,ATM,FAIL,True
L-7295,C-1140,D-4127,G-5148,2025-04-06 16:54:09,MOBILE,FAIL,True
L-7297,C-1357,D-4033,G-5231,2024-12-26 07:43:08,WEB,FAIL,True
L-7300,C-1223,D-4130,G-5178,2024-07-05 17:15:52,MOBILE,FAIL,True
L-7301,C-1187,D-4133,G-5245,2025-06-12 21:53:39,MOBILE,SUCCESS,True
L-7303,C-1195,D-4186,G-5024,2024-06-03 19:09:21,MOBILE,SUCCESS,True
L-7304,C-1362,D-4081,G-5047,2023-11-27 01:49:34,WEB,FAIL,True
L-7306,C-1150,D-4072,G-5223,2023-09-18 20:04:43,ATM,SUCCESS,True
L-7307,C-1117,D-4209,G-5159,2025-05-23 10:39:00,MOBILE,LOCKED,True
L-7308,C-1034,D-4118,G-5047,2024-07-23 11:16:54,WEB,LOCKED,True
L-7309,C-1335,D-4379,G-5090,2024-03-21 04:53:43,ATM,LOCKED,True
L-7312,C-1137,D-4091,G-5273,2023-09-23 09:08:00,WEB,FAIL,True
L-7313,C-1283,D-4389,G-5188,2024-08-14 00:37:59,MOBILE,SUCCESS,True
L-7314,C-1273,D-4095,G-5125,2024-10-09 10:46:14,WEB,FAIL,True
L-7315,C-1437,D-4087,G-5139,2024-02-01 18:44:02,WEB,LOCKED,True
L-7317,C-1024,D-4240,G-5079,2024-10-17 07:38:17,MOBILE,SUCCESS,True
L-7318,C-1441,D-4311,G-5188,2025-02-05 07:16:16,ATM,FAIL,True
L-7320,C-1127,D-4082,G-5021,2024-04-16 15:52:04,WEB,FAIL,True
L-7324,C-1295,D-4367,G-5207,2024-03-22 10:16:59,ATM,LOCKED,True
L-7326,C-1412,D-4018,G-5105,2024-01-26 00:25:08,WEB,LOCKED,True
L-7328,C-1192,D-4153,G-5191,2023-09-03 19:41:46,WEB,FAIL,True
L-7329,C-1249,D-4101,G-5008,2024-02-19 15:43:44,MOBILE,FAIL,True
L-7331,C-1404,D-4388,G-5071,2024-10-01 13:16:07,ATM,FAIL,True
L-7335,C-1212,D-4026,G-5125,2024-08-19 18:02:48,MOBILE,LOCKED,True
L-7336,C-1472,D-4051,G-5151,2024-02-08 01:23:22,ATM,SUCCESS,True
L-7339,C-1478,D-4245,G-5034,2025-06-29 06:14:10,ATM,FAIL,True
L-7340,C-1099,D-4158,G-5259,2024-05-07 18:24:02,MOBILE,SUCCESS,True
L-7341,C-1051,D-4074,G-5287,2025-01-20 03:36:07,ATM,SUCCESS,True
L-7342,C-1012,D-4260,G-5111,2024-04-03 17:37:48,ATM,SUCCESS,True
L-7344,C-1318,D-4167,G-5145,2025-02-03 11:42:25,ATM,SUCCESS,True
L-7347,C-1399,D-4280,G-5289,2024-04-08 15:10:39,WEB,SUCCESS,True
L-7349,C-1369,D-4325,G-5136,2024-03-17 07:32:22,MOBILE,SUCCESS,True
L-7357,C-1040,D-4342,G-5235,2023-09-03 05:55:03,ATM,LOCKED,True
L-7358,C-1372,D-4190,G-5240,2024-01-20 11:24:15,ATM,LOCKED,True
L-7359,C-1285,D-4280,G-5169,2023-11-25 23:19:41,ATM,LOCKED,True
L-7360,C-1079,D-4341,G-5266,2025-06-29 21:11:26,ATM,LOCKED,True
L-7361,C-1398,D-4125,G-5115,2024-08-11 09:34:46,WEB,FAIL,True
L-7362,C-1247,D-4139,G-5168,2024-10-29 22:21:24,ATM,FAIL,True
L-7363,C-1498,D-4370,G-5207,2025-07-01 15:23:16,WEB,LOCKED,True
L-7367,C-1380,D-4204,G-5214,2025-05-02 14:53:26,ATM,FAIL,True
L-7369,C-1033,D-4396,G-5160,2025-04-27 23:18:38,WEB,FAIL,True
L-7371,C-1015,D-4170,G-5189,2025-05-11 17:30:55,WEB,FAIL,True
L-7373,C-1109,D-4207,G-5220,2024-03-04 09:48:05,MOBILE,FAIL,True
L-7375,C-1306,D-4167,G-5192,2023-10-29 19:18:34,WEB,SUCCESS,True
L-7376,C-1042,D-4042,G-5004,2024-07-24 00:27:29,MOBILE,LOCKED,True
L-7377,C-1219,D-4252,G-5047,2024-09-12 01:25:54,MOBILE,SUCCESS,True
L-7379,C-1149,D-4187,G-5182,2024-10-02 21:11:51,WEB,SUCCESS,True
L-7380,C-1084,D-4158,G-5169,2024-05-05 11:34:20,WEB,SUCCESS,True
L-7383,C-1136,D-4303,G-5149,2024-09-19 22:13:45,WEB,LOCKED,True
L-7385,C-1436,D-4133,G-5080,2024-03-20 22:24:19,WEB,FAIL,True
L-7390,C-1341,D-4167,G-5107,2024-10-27 09:40:35,MOBILE,FAIL,True
L-7391,C-1076,D-4360,G-5079,2024-11-05 01:23:05,WEB,SUCCESS,True
L-7392,C-1030,D-4300,G-5060,2025-01-19 09:59:01,MOBILE,SUCCESS,True
L-7393,C-1229,D-4064,G-5076,2024-11-13 06:22:53,WEB,FAIL,True
L-7394,C-1394,D-4170,G-5163,2025-07-26 09:23:47,MOBILE,LOCKED,True
L-7395,C-1246,D-4222,G-5209,2024-04-27 13:57:57,WEB,LOCKED,True
L-7396,C-1342,D-4343,G-5282,2025-03-25 05:30:59,ATM,LOCKED,True
L-7399,C-1016,D-4129,G-5199,2023-09-14 04:05:27,MOBILE,FAIL,True
L-7400,C-1237,D-4337,G-5203,2024-01-28 19:59:57,ATM,FAIL,True
L-7402,C-1444,D-4358,G-5094,2024-12-24 11:52:36,WEB,SUCCESS,True
L-7403,C-1488,D-4128,G-5212,2023-09-21 17:16:21,WEB,FAIL,True
L-7405,C-1122,D-4262,G-5253,2024-12-25 01:14:12,ATM,SUCCESS,True
L-7406,C-1369,D-4092,G-5213,2025-07-15 21:04:47,WEB,SUCCESS,True
L-7407,C-1323,D-4184,G-5175,2024-06-10 07:19:17,ATM,FAIL,True
L-7409,C-1075,D-4170,G-5258,2023-08-30 12:12:53,ATM,LOCKED,True
L-7412,C-1386,D-4233,G-5022,2025-05-28 05:50:01,ATM,FAIL,True
L-7414,C-1475,D-4237,G-5292,2023-12-24 13:54:27,MOBILE,FAIL,True
L-7418,C-1002,D-4271,G-5117,2025-04-24 08:52:04,WEB,SUCCESS,True
L-7420,C-1220,D-4024,G-5038,2023-12-01 00:45:17,ATM,LOCKED,True
L-7421,C-1416,D-4279,G-5213,2025-03-25 20:06:35,WEB,LOCKED,True
L-7422,C-1444,D-4375,G-5156,2024-06-02 10:18:25,WEB,FAIL,True
L-7423,C-1297,D-4109,G-5273,2023-12-28 00:38:55,ATM,SUCCESS,True
L-7424,C-1437,D-4120,G-5199,2024-02-03 03:07:37,ATM,SUCCESS,True
L-7425,C-1279,D-4335,G-5102,2025-06-03 21:20:00,WEB,LOCKED,True
L-7426,C-1219,D-4040,G-5168,2025-08-03 23:57:29,MOBILE,FAIL,True
L-7429,C-1463,D-4218,G-5104,2025-07-24 18:51:42,MOBILE,FAIL,True
L-7431,C-1354,D-4280,G-5035,2024-12-10 01:48:06,WEB,SUCCESS,True
L-7432,C-1447,D-4062,G-5001,2024-12-03 03:14:22,MOBILE,SUCCESS,True
L-7433,C-1398,D-4394,G-5138,2025-01-18 22:56:14,MOBILE,SUCCESS,True
L-7434,C-1391,D-4231,G-5172,2024-12-22 00:51:31,WEB,LOCKED,True
L-7436,C-1062,D-4246,G-5142,2024-06-17 13:42:29,WEB,FAIL,True
L-7438,C-1412,D-4096,G-5279,2024-02-12 14:57:57,ATM,LOCKED,True
L-7441,C-1473,D-4387,G-5179,2025-05-26 10:26:20,WEB,FAIL,True
L-7442,C-1436,D-4199,G-5221,2025-07-19 00:54:55,WEB,LOCKED,True
L-7443,C-1397,D-4206,G-5108,2024-01-01 19:49:48,MOBILE,SUCCESS,True
L-7444,C-1317,D-4326,G-5247,2025-08-02 13:54:41,WEB,LOCKED,True
L-7446,C-1164,D-4328,G-5188,2024-05-30 19:10:34,MOBILE,SUCCESS,True
L-7447,C-1018,D-4231,G-5096,2025-06-16 12:50:09,WEB,LOCKED,True
L-7451,C-1069,D-4242,G-5253,2023-08-29 01:30:28,ATM,SUCCESS,True
L-7452,C-1319,D-4016,G-5162,2024-03-03 17:24:35,MOBILE,FAIL,True
L-7453,C-1274,D-4217,G-5150,2023-09-18 08:41:29,WEB,SUCCESS,True
L-7456,C-1499,D-4271,G-5186,2025-01-06 17:43:12,WEB,FAIL,True
L-7458,C-1013,D-4145,G-5167,2023-11-25 16:54:12,MOBILE,LOCKED,True
L-7460,C-1058,D-4048,G-5135,2024-05-26 22:01:41,ATM,FAIL,True
L-7463,C-1159,D-4389,G-5281,2025-05-04 22:37:06,WEB,LOCKED,True
L-7464,C-1281,D-4295,G-5279,2025-06-10 05:52:10,ATM,LOCKED,True
L-7466,C-1159,D-4215,G-5047,2025-05-12 06:58:24,ATM,FAIL,True
L-7467,C-1379,D-4026,G-5070,2024-01-13 08:59:29,WEB,SUCCESS,True
L-7470,C-1054,D-4135,G-5081,2024-02-04 11:53:36,MOBILE,SUCCESS,True
L-7471,C-1171,D-4086,G-5094,2025-08-13 13:26:35,WEB,LOCKED,True
L-7472,C-1415,D-4008,G-5240,2023-12-31 10:38:50,MOBILE,LOCKED,True
L-7473,C-1362,D-4064,G-5086,2023-09-15 13:39:52,MOBILE,FAIL,True
L-7474,C-1002,D-4348,G-5267,2023-11-25 19:25:50,ATM,LOCKED,True
L-7477,C-1341,D-4198,G-5098,2024-12-26 07:28:34,ATM,FAIL,True
L-7478,C-1069,D-4207,G-5210,2024-12-11 18:55:45,ATM,FAIL,True
L-7481,C-1207,D-4302,G-5097,2023-11-07 02:58:31,ATM,LOCKED,True
L-7482,C-1065,D-4295,G-5094,2024-11-02 07:21:23,WEB,LOCKED,True
L-7483,C-1127,D-4067,G-5020,2025-08-11 05:24:25,MOBILE,SUCCESS,True
L-7489,C-1166,D-4210,G-5193,2024-01-29 06:43:01,ATM,FAIL,True
L-7490,C-1339,D-4103,G-5074,2023-10-26 10:45:36,MOBILE,FAIL,True
L-7495,C-1211,D-4056,G-5147,2023-09-25 20:12:56,MOBILE,FAIL,True
L-7496,C-1143,D-4090,G-5218,2025-04-06 08:51:57,WEB,FAIL,True
L-7497,C-1402,D-4390,G-5271,2025-02-14 17:31:49,WEB,LOCKED,True
L-7500,C-1138,D-4082,G-5245,2025-08-20 11:08:39,MOBILE,FAIL,True
L-7501,C-1463,D-4068,G-5008,2024-10-01 06:27:01,MOBILE,LOCKED,True
L-7502,C-1248,D-4196,G-5112,2023-12-02 16:13:23,MOBILE,SUCCESS,True
L-7503,C-1137,D-4369,G-5189,2025-05-14 23:02:48,ATM,LOCKED,True
L-7504,C-1050,D-4139,G-5264,2025-08-01 06:25:43,ATM,LOCKED,True
L-7505,C-1206,D-4010,G-5032,2023-10-08 15:30:30,WEB,SUCCESS,True
L-7506,C-1460,D-4144,G-5129,2024-04-16 07:46:21,MOBILE,LOCKED,True
L-7507,C-1476,D-4284,G-5294,2024-10-09 22:36:42,MOBILE,LOCKED,True
L-7513,C-1431,D-4308,G-5289,2024-11-08 16:00:55,ATM,SUCCESS,True
L-7514,C-1194,D-4241,G-5100,2024-02-27 01:06:59,MOBILE,FAIL,True
L-7517,C-1490,D-4287,G-5008,2025-08-02 00:39:22,WEB,SUCCESS,True
L-7520,C-1348,D-4280,G-5225,2024-10-11 18:15:15,MOBILE,SUCCESS,True
L-7521,C-1377,D-4109,G-5111,2024-04-06 04:06:09,ATM,SUCCESS,True
L-7523,C-1143,D-4329,G-5230,2024-08-08 18:13:18,MOBILE,SUCCESS,True
L-7525,C-1405,D-4306,G-5274,2025-08-06 10:29:28,MOBILE,SUCCESS,True
L-7526,C-1243,D-4352,G-5141,2024-09-30 12:18:07,MOBILE,LOCKED,True
L-7528,C-1407,D-4210,G-5169,2024-08-05 00:19:29,WEB,SUCCESS,True
L-7530,C-1218,D-4356,G-5178,2025-05-28 00:20:58,ATM,FAIL,True
L-7531,C-1284,D-4356,G-5084,2024-09-06 14:18:02,WEB,LOCKED,True
L-7533,C-1140,D-4098,G-5088,2024-08-07 19:32:35,MOBILE,SUCCESS,True
L-7534,C-1377,D-4023,G-5091,2025-07-13 22:41:34,MOBILE,SUCCESS,True
L-7536,C-1338,D-4230,G-5115,2024-11-24 10:23:06,MOBILE,SUCCESS,True
L-7537,C-1060,D-4371,G-5104,2025-05-17 18:10:15,ATM,LOCKED,True
L-7540,C-1003,D-4087,G-5191,2023-12-21 08:28:07,WEB,LOCKED,True
L-7541,C-1089,D-4350,G-5215,2024-03-23 23:23:28,WEB,SUCCESS,True
L-7542,C-1391,D-4080,G-5108,2025-06-02 01:01:00,WEB,SUCCESS,True
L-7543,C-1212,D-4055,G-5222,2025-03-05 05:36:33,MOBILE,LOCKED,True
L-7544,C-1416,D-4085,G-5136,2024-05-08 12:00:57,ATM,FAIL,True
L-7545,C-1080,D-4304,G-5272,2025-01-03 04:17:58,MOBILE,FAIL,True
L-7546,C-1217,D-4088,G-5227,2025-02-04 15:57:44,ATM,FAIL,True
L-7547,C-1133,D-4310,G-5109,2024-05-06 21:02:22,WEB,SUCCESS,True
L-7549,C-1447,D-4297,G-5059,2024-10-08 07:51:36,MOBILE,SUCCESS,True
L-7550,C-1117,D-4377,G-5273,2025-06-01 03:23:02,WEB,LOCKED,True
L-7551,C-1245,D-4202,G-5297,2023-11-16 02:28:08,MOBILE,SUCCESS,True
L-7552,C-1265,D-4092,G-5275,2024-06-12 15:20:30,MOBILE,SUCCESS,True
L-7553,C-1123,D-4025,G-5260,2025-06-23 00:12:50,WEB,SUCCESS,True
L-7556,C-1281,D-4069,G-5091,2023-12-26 08:45:48,WEB,FAIL,True
L-7557,C-1251,D-4105,G-5071,2024-09-07 01:35:53,MOBILE,LOCKED,True
L-7558,C-1325,D-4045,G-5265,2023-12-17 10:51:54,MOBILE,LOCKED,True
L-7559,C-1226,D-4036,G-5216,2025-06-24 04:57:03,WEB,LOCKED,True
L-7560,C-1389,D-4164,G-5235,2025-02-03 13:31:54,MOBILE,LOCKED,True
L-7561,C-1141,D-4172,G-5015,2024-01-19 10:16:11,WEB,SUCCESS,True
L-7562,C-1399,D-4013,G-5012,2025-04-11 12:22:09,WEB,SUCCESS,True
L-7563,C-1165,D-4084,G-5299,2024-09-29 17:55:55,WEB,SUCCESS,True
L-7564,C-1352,D-4097,G-5246,2025-07-02 13:50:50,WEB,FAIL,True
L-7565,C-1401,D-4275,G-5190,2023-12-11 19:35:43,WEB,LOCKED,True
L-7566,C-1383,D-4309,G-5013,2024-07-30 16:10:47,MOBILE,FAIL,True
L-7568,C-1133,D-4081,G-5043,2024-03-26 18:21:41,MOBILE,LOCKED,True
L-7570,C-1251,D-4267,G-5039,2023-12-06 16:57:08,MOBILE,SUCCESS,True
L-7573,C-1013,D-4022,G-5025,2025-06-30 19:35:55,WEB,LOCKED,True
L-7574,C-1133,D-4125,G-5193,2023-11-11 01:05:17,ATM,LOCKED,True
L-7576,C-1076,D-4207,G-5193,2024-05-19 05:01:24,WEB,SUCCESS,True
L-7577,C-1211,D-4076,G-5137,2024-01-16 23:57:34,MOBILE,FAIL,True
L-7578,C-1189,D-4338,G-5025,2025-07-02 22:50:59,ATM,FAIL,True
L-7584,C-1033,D-4031,G-5137,2024-07-16 20:35:10,WEB,SUCCESS,True
L-7585,C-1443,D-4200,G-5129,2025-04-18 18:02:27,WEB,LOCKED,True
L-7586,C-1468,D-4270,G-5002,2024-10-09 13:40:59,ATM,LOCKED,True
L-7588,C-1450,D-4127,G-5264,2024-10-08 01:55:45,MOBILE,FAIL,True
L-7590,C-1137,D-4124,G-5079,2025-03-10 18:28:23,WEB,SUCCESS,True
L-7595,C-1053,D-4158,G-5128,2024-11-28 04:31:54,WEB,FAIL,True
L-7596,C-1447,D-4020,G-5199,2023-09-27 10:10:53,ATM,LOCKED,True
L-7599,C-1369,D-4345,G-5188,2025-08-23 05:52:42,ATM,LOCKED,True
L-7600,C-1349,D-4095,G-5150,2024-09-28 06:10:51,MOBILE,LOCKED,True
L-7603,C-1294,D-4271,G-5258,2024-07-20 06:57:57,WEB,SUCCESS,True
L-7605,C-1357,D-4256,G-5265,2025-03-13 00:34:33,MOBILE,FAIL,True
L-7607,C-1425,D-4356,G-5031,2025-06-01 16:28:00,ATM,SUCCESS,True
L-7610,C-1424,D-4269,G-5131,2025-06-12 20:50:47,ATM,LOCKED,True
L-7611,C-1062,D-4202,G-5113,2024-04-18 04:02:41,MOBILE,SUCCESS,True
L-7613,C-1449,D-4063,G-5278,2025-03-24 16:35:49,WEB,LOCKED,True
L-7614,C-1499,D-4101,G-5123,2024-09-19 07:54:58,WEB,LOCKED,True
L-7615,C-1347,D-4101,G-5252,2024-08-12 19:04:00,MOBILE,SUCCESS,True
L-7616,C-1207,D-4329,G-5165,2024-06-22 16:25:41,MOBILE,SUCCESS,True
L-7617,C-1451,D-4208,G-5017,2023-11-14 19:27:07,WEB,SUCCESS,True
L-7620,C-1368,D-4268,G-5004,2024-05-15 13:12:15,WEB,SUCCESS,True
L-7621,C-1106,D-4013,G-5015,2023-09-07 03:09:45,WEB,FAIL,True
L-7622,C-1398,D-4212,G-5057,2025-05-28 00:23:50,MOBILE,LOCKED,True
L-7627,C-1312,D-4177,G-5068,2024-10-30 04:25:27,WEB,SUCCESS,True
L-7628,C-1159,D-4309,G-5036,2024-04-01 09:16:15,WEB,LOCKED,True
L-7629,C-1327,D-4395,G-5294,2024-11-23 02:31:25,ATM,SUCCESS,True
L-7631,C-1271,D-4244,G-5175,2023-11-23 23:41:30,WEB,LOCKED,True
L-7632,C-1071,D-4387,G-5208,2025-07-13 18:56:34,MOBILE,SUCCESS,True
L-7633,C-1417,D-4370,G-5080,2025-03-02 08:46:13,MOBILE,LOCKED,True
L-7634,C-1308,D-4258,G-5075,2025-06-13 03:11:51,WEB,SUCCESS,True
L-7637,C-1381,D-4374,G-5150,2023-09-19 05:08:51,MOBILE,LOCKED,True
L-7638,C-1274,D-4208,G-5021,2024-09-26 00:28:30,ATM,LOCKED,True
L-7641,C-1023,D-4265,G-5049,2025-01-15 20:34:11,WEB,LOCKED,True
L-7642,C-1065,D-4218,G-5009,2024-03-11 20:49:03,WEB,SUCCESS,True
L-7643,C-1447,D-4028,G-5266,2024-04-06 08:14:18,MOBILE,FAIL,True
L-7645,C-1078,D-4350,G-5233,2025-03-01 11:17:51,WEB,FAIL,True
L-7646,C-1481,D-4381,G-5108,2024-04-08 04:29:34,WEB,SUCCESS,True
L-7647,C-1393,D-4111,G-5130,2023-09-27 11:09:28,ATM,FAIL,True
L-7648,C-1026,D-4220,G-5260,2024-02-26 21:38:07,MOBILE,FAIL,True
L-7650,C-1390,D-4287,G-5073,2024-05-10 18:35:50,MOBILE,LOCKED,True
L-7651,C-1425,D-4135,G-5148,2023-09-16 08:25:15,WEB,SUCCESS,True
L-7652,C-1123,D-4155,G-5283,2024-08-05 03:12:31,WEB,LOCKED,True
L-7653,C-1229,D-4399,G-5099,2025-08-20 01:45:08,ATM,FAIL,True
L-7655,C-1023,D-4108,G-5119,2024-07-12 07:55:05,ATM,LOCKED,True
L-7656,C-1370,D-4063,G-5027,2024-12-01 05:26:22,WEB,LOCKED,True
L-7657,C-1189,D-4231,G-5009,2025-08-18 03:13:46,WEB,LOCKED,True
L-7658,C-1188,D-4289,G-5297,2024-06-02 01:09:03,WEB,FAIL,True
L-7659,C-1146,D-4293,G-5093,2024-05-21 19:55:49,WEB,LOCKED,True
L-7663,C-1455,D-4267,G-5151,2025-02-18 12:53:48,MOBILE,LOCKED,True
L-7665,C-1487,D-4291,G-5127,2025-04-18 10:18:02,MOBILE,FAIL,True
L-7666,C-1289,D-4052,G-5150,2025-08-21 03:27:38,WEB,LOCKED,True
L-7668,C-1455,D-4097,G-5055,2024-06-07 14:32:15,MOBILE,SUCCESS,True
L-7673,C-1497,D-4015,G-5226,2023-10-25 23:53:27,MOBILE,LOCKED,True
L-7674,C-1110,D-4158,G-5287,2025-06-23 14:47:02,MOBILE,LOCKED,True
L-7680,C-1390,D-4183,G-5278,2025-01-23 08:16:27,MOBILE,FAIL,True
L-7682,C-1193,D-4176,G-5208,2024-08-07 11:26:57,WEB,SUCCESS,True
L-7684,C-1344,D-4351,G-5074,2025-04-20 06:33:30,MOBILE,LOCKED,True
L-7687,C-1076,D-4123,G-5159,2024-08-07 18:44:45,ATM,LOCKED,True
L-7688,C-1460,D-4020,G-5015,2025-04-13 19:22:07,MOBILE,FAIL,True
L-7689,C-1385,D-4114,G-5000,2025-06-06 04:29:52,WEB,LOCKED,True
L-7693,C-1171,D-4013,G-5024,2025-08-20 20:18:16,WEB,FAIL,True
L-7697,C-1486,D-4226,G-5210,2024-11-14 17:34:32,MOBILE,SUCCESS,True
L-7698,C-1373,D-4188,G-5112,2025-07-05 07:50:15,ATM,FAIL,True
L-7700,C-1144,D-4200,G-5083,2024-06-08 21:40:08,WEB,LOCKED,True
L-7702,C-1343,D-4066,G-5070,2025-07-09 14:26:35,ATM,SUCCESS,True
L-7704,C-1472,D-4024,G-5082,2023-11-25 19:22:26,WEB,FAIL,True
L-7706,C-1496,D-4099,G-5101,2024-02-10 23:27:02,MOBILE,FAIL,True
L-7707,C-1118,D-4045,G-5067,2024-09-29 01:03:10,ATM,FAIL,True
L-7708,C-1366,D-4087,G-5103,2024-08-08 01:15:23,ATM,FAIL,True
L-7709,C-1055,D-4239,G-5278,2023-12-19 19:37:48,WEB,FAIL,True
L-7710,C-1005,D-4104,G-5084,2025-06-17 23:07:50,WEB,SUCCESS,True
L-7715,C-1097,D-4111,G-5229,2025-05-17 19:30:33,WEB,LOCKED,True
L-7716,C-1279,D-4151,G-5157,2024-03-06 10:32:51,ATM,LOCKED,True
L-7717,C-1025,D-4371,G-5086,2024-09-04 08:30:08,ATM,SUCCESS,True
L-7718,C-1072,D-4202,G-5150,2024-12-01 14:18:06,WEB,SUCCESS,True
L-7719,C-1220,D-4141,G-5145,2024-08-25 13:48:05,WEB,SUCCESS,True
L-7722,C-1379,D-4255,G-5262,2023-09-08 18:56:29,MOBILE,SUCCESS,True
L-7723,C-1038,D-4007,G-5082,2024-09-12 20:17:43,WEB,FAIL,True
L-7724,C-1457,D-4301,G-5274,2023-10-13 19:37:01,MOBILE,SUCCESS,True
L-7728,C-1443,D-4118,G-5276,2024-05-09 14:35:36,MOBILE,SUCCESS,True
L-7729,C-1434,D-4263,G-5090,2025-07-19 22:48:29,ATM,FAIL,True
L-7734,C-1265,D-4399,G-5075,2025-06-02 21:31:26,WEB,FAIL,True
L-7735,C-1391,D-4001,G-5192,2024-04-23 18:24:54,MOBILE,SUCCESS,True
L-7736,C-1337,D-4087,G-5092,2024-11-10 16:01:12,MOBILE,LOCKED,True
L-7737,C-1178,D-4167,G-5081,2025-02-10 22:34:53,WEB,FAIL,True
L-7738,C-1347,D-4337,G-5187,2025-03-21 04:09:28,WEB,FAIL,True
L-7742,C-1386,D-4304,G-5020,2024-03-19 12:19:19,ATM,SUCCESS,True
L-7743,C-1220,D-4319,G-5277,2025-08-11 17:17:31,ATM,LOCKED,True
L-7744,C-1444,D-4008,G-5081,2025-03-07 12:22:20,MOBILE,SUCCESS,True
L-7745,C-1435,D-4169,G-5017,2025-06-13 05:54:10,MOBILE,LOCKED,True
L-7747,C-1496,D-4149,G-5066,2023-11-16 12:37:30,ATM,LOCKED,True
L-7748,C-1172,D-4376,G-5262,2024-07-30 12:11:33,WEB,LOCKED,True
L-7750,C-1279,D-4259,G-5234,2023-12-07 12:51:21,WEB,LOCKED,True
L-7751,C-1335,D-4225,G-5046,2024-01-26 22:47:38,ATM,SUCCESS,True
L-7753,C-1244,D-4100,G-5276,2024-11-06 08:32:46,MOBILE,SUCCESS,True
L-7754,C-1478,D-4315,G-5231,2024-05-17 08:43:51,ATM,FAIL,True
L-7760,C-1019,D-4329,G-5272,2023-11-25 18:16:19,ATM,LOCKED,True
L-7761,C-1268,D-4000,G-5204,2023-12-24 05:00:52,MOBILE,LOCKED,True
L-7762,C-1320,D-4121,G-5188,2024-05-08 19:10:21,WEB,LOCKED,True
L-7765,C-1019,D-4015,G-5063,2024-02-14 05:13:04,MOBILE,FAIL,True
L-7766,C-1460,D-4277,G-5090,2024-05-19 08:57:18,ATM,FAIL,True
L-7768,C-1303,D-4201,G-5100,2023-09-18 18:23:45,MOBILE,FAIL,True
L-7770,C-1126,D-4324,G-5068,2024-01-04 15:22:39,ATM,FAIL,True
L-7771,C-1425,D-4113,G-5099,2025-04-20 16:58:48,WEB,FAIL,True
L-7772,C-1207,D-4084,G-5133,2024-08-10 09:39:39,WEB,LOCKED,True
L-7773,C-1348,D-4167,G-5095,2024-07-26 06:34:35,ATM,LOCKED,True
L-7774,C-1477,D-4247,G-5091,2024-08-07 13:35:21,ATM,FAIL,True
L-7776,C-1113,D-4355,G-5113,2024-12-23 06:57:27,ATM,LOCKED,True
L-7777,C-1311,D-4351,G-5189,2025-03-18 20:43:04,WEB,SUCCESS,True
L-7779,C-1187,D-4013,G-5250,2023-09-11 17:40:48,ATM,FAIL,True
L-7780,C-1486,D-4286,G-5166,2024-06-13 07:18:20,WEB,LOCKED,True
L-7781,C-1164,D-4387,G-5249,2024-04-16 10:55:49,ATM,FAIL,True
L-7782,C-1114,D-4003,G-5099,2023-11-30 19:39:55,ATM,LOCKED,True
L-7783,C-1319,D-4061,G-5262,2025-04-25 03:31:10,WEB,SUCCESS,True
L-7785,C-1101,D-4267,G-5170,2025-08-03 08:46:40,MOBILE,FAIL,True
L-7786,C-1406,D-4019,G-5044,2025-04-20 03:39:02,ATM,SUCCESS,True
L-7789,C-1054,D-4110,G-5088,2023-12-19 03:36:31,ATM,LOCKED,True
L-7791,C-1433,D-4268,G-5049,2024-09-04 11:15:38,MOBILE,FAIL,True
L-7792,C-1229,D-4162,G-5023,2024-06-30 03:45:41,WEB,LOCKED,True
L-7793,C-1136,D-4076,G-5055,2024-06-01 12:45:15,ATM,SUCCESS,True
L-7794,C-1018,D-4397,G-5181,2024-01-26 20:18:14,MOBILE,FAIL,True
L-7795,C-1196,D-4315,G-5270,2025-05-13 00:50:43,WEB,LOCKED,True
L-7797,C-1375,D-4067,G-5244,2024-04-02 09:32:22,WEB,FAIL,True
L-7798,C-1184,D-4066,G-5120,2025-05-22 04:11:23,ATM,FAIL,True
L-7803,C-1457,D-4342,G-5143,2024-01-30 10:18:45,ATM,LOCKED,True
L-7804,C-1301,D-4216,G-5186,2024-03-28 04:14:12,ATM,LOCKED,True
L-7806,C-1065,D-4155,G-5060,2024-09-15 03:46:58,WEB,LOCKED,True
L-7807,C-1219,D-4170,G-5013,2025-07-30 14:05:47,MOBILE,SUCCESS,True
L-7808,C-1451,D-4020,G-5021,2025-08-17 01:16:51,MOBILE,FAIL,True
L-7809,C-1190,D-4327,G-5117,2025-01-02 07:30:35,MOBILE,SUCCESS,True
L-7810,C-1490,D-4121,G-5067,2025-05-23 19:06:53,WEB,FAIL,True
L-7811,C-1444,D-4162,G-5035,2023-10-03 22:53:32,MOBILE,SUCCESS,True
L-7812,C-1165,D-4174,G-5246,2023-10-08 23:15:24,WEB,LOCKED,True
L-7814,C-1051,D-4145,G-5155,2024-04-02 07:30:19,ATM,LOCKED,True
L-7816,C-1317,D-4366,G-5251,2024-05-13 20:18:05,MOBILE,FAIL,True
L-7818,C-1460,D-4326,G-5225,2024-02-29 11:45:30,ATM,LOCKED,True
L-7819,C-1211,D-4076,G-5003,2025-05-01 09:54:16,MOBILE,FAIL,True
L-7820,C-1433,D-4263,G-5085,2024-04-07 15:36:57,ATM,FAIL,True
L-7822,C-1362,D-4278,G-5054,2024-05-28 19:16:02,MOBILE,SUCCESS,True
L-7824,C-1073,D-4330,G-5003,2024-05-13 16:58:52,ATM,LOCKED,True
L-7826,C-1266,D-4125,G-5212,2025-06-01 20:23:26,ATM,FAIL,True
L-7831,C-1164,D-4133,G-5185,2024-01-19 01:45:33,ATM,FAIL,True
L-7832,C-1069,D-4194,G-5079,2023-11-30 02:54:32,WEB,FAIL,True
L-7834,C-1460,D-4336,G-5283,2024-11-02 03:57:08,MOBILE,LOCKED,True
L-7835,C-1052,D-4200,G-5027,2025-01-22 23:13:41,MOBILE,LOCKED,True
L-7839,C-1166,D-4093,G-5088,2025-05-04 12:57:33,MOBILE,LOCKED,True
L-7841,C-1489,D-4051,G-5218,2025-01-18 16:03:09,ATM,LOCKED,True
L-7842,C-1437,D-4299,G-5038,2024-09-05 05:30:30,ATM,SUCCESS,True
L-7843,C-1283,D-4281,G-5073,2025-02-19 18:28:07,MOBILE,SUCCESS,True
L-7844,C-1166,D-4334,G-5186,2025-06-25 01:05:08,MOBILE,LOCKED,True
L-7845,C-1438,D-4276,G-5104,2025-04-11 04:55:59,ATM,LOCKED,True
L-7848,C-1082,D-4201,G-5148,2024-09-24 21:30:46,MOBILE,SUCCESS,True
L-7849,C-1292,D-4170,G-5133,2023-10-07 11:35:01,ATM,LOCKED,True
L-7850,C-1415,D-4396,G-5255,2024-11-03 21:50:31,WEB,SUCCESS,True
L-7853,C-1082,D-4028,G-5169,2024-12-14 12:14:21,MOBILE,LOCKED,True
L-7855,C-1057,D-4109,G-5251,2025-04-06 19:22:51,ATM,SUCCESS,True
L-7856,C-1296,D-4285,G-5265,2023-09-01 14:32:22,MOBILE,SUCCESS,True
L-7857,C-1076,D-4014,G-5050,2024-04-16 18:19:08,MOBILE,FAIL,True
L-7858,C-1203,D-4373,G-5027,2025-05-11 16:28:35,MOBILE,SUCCESS,True
L-7863,C-1408,D-4384,G-5020,2024-09-20 01:19:45,MOBILE,SUCCESS,True
L-7865,C-1041,D-4293,G-5293,2025-04-07 04:47:24,ATM,SUCCESS,True
L-7867,C-1446,D-4372,G-5292,2023-10-05 00:48:00,WEB,SUCCESS,True
L-7868,C-1398,D-4076,G-5295,2024-04-10 16:33:38,MOBILE,LOCKED,True
L-7869,C-1482,D-4300,G-5178,2024-01-29 15:00:53,WEB,SUCCESS,True
L-7870,C-1155,D-4101,G-5244,2023-10-27 06:44:12,ATM,LOCKED,True
L-7871,C-1444,D-4376,G-5261,2024-08-28 11:00:06,MOBILE,SUCCESS,True
L-7873,C-1042,D-4107,G-5255,2024-06-09 09:13:01,WEB,LOCKED,True
L-7875,C-1324,D-4077,G-5077,2024-05-08 14:16:01,WEB,SUCCESS,True
L-7877,C-1385,D-4338,G-5071,2024-08-26 19:51:04,WEB,SUCCESS,True
L-7879,C-1195,D-4206,G-5053,2024-05-01 22:31:47,MOBILE,SUCCESS,True
L-7882,C-1101,D-4318,G-5109,2023-11-07 04:18:44,WEB,FAIL,True
L-7884,C-1106,D-4274,G-5006,2025-03-06 09:42:19,MOBILE,FAIL,True
L-7885,C-1333,D-4340,G-5154,2024-11-18 08:28:01,WEB,SUCCESS,True
L-7886,C-1391,D-4144,G-5090,2024-08-15 08:45:03,WEB,SUCCESS,True
L-7888,C-1268,D-4071,G-5172,2024-02-22 09:15:50,WEB,LOCKED,True
L-7890,C-1146,D-4192,G-5065,2024-06-25 05:43:44,WEB,LOCKED,True
L-7891,C-1099,D-4358,G-5187,2024-10-31 09:54:19,ATM,LOCKED,True
L-7892,C-1194,D-4033,G-5000,2024-06-19 14:30:49,MOBILE,LOCKED,True
L-7893,C-1341,D-4291,G-5176,2025-07-15 15:31:40,MOBILE,LOCKED,True
L-7895,C-1496,D-4232,G-5060,2025-04-22 04:38:37,MOBILE,FAIL,True
L-7896,C-1097,D-4217,G-5183,2025-08-24 05:32:17,ATM,LOCKED,True
L-7897,C-1187,D-4198,G-5157,2024-12-17 01:46:35,MOBILE,SUCCESS,True
L-7898,C-1433,D-4013,G-5132,2025-02-06 00:24:22,WEB,LOCKED,True
L-7899,C-1398,D-4079,G-5013,2024-03-01 23:22:02,MOBILE,FAIL,True
L-7900,C-1476,D-4027,G-5216,2025-07-02 13:51:35,WEB,FAIL,True
L-7902,C-1253,D-4142,G-5030,2025-01-26 14:14:29,MOBILE,LOCKED,True
L-7903,C-1317,D-4031,G-5226,2025-02-04 17:06:21,WEB,FAIL,True
L-7905,C-1066,D-4064,G-5144,2023-09-23 13:29:56,WEB,FAIL,True
L-7907,C-1359,D-4363,G-5146,2024-11-15 18:21:54,WEB,SUCCESS,True
L-7908,C-1030,D-4063,G-5008,2025-07-12 16:25:58,ATM,FAIL,True
L-7910,C-1216,D-4157,G-5033,2024-09-22 17:26:33,ATM,FAIL,True
L-7912,C-1217,D-4088,G-5126,2024-05-24 14:52:08,ATM,FAIL,True
L-7914,C-1222,D-4001,G-5056,2025-02-04 03:03:21,WEB,LOCKED,True
L-7915,C-1030,D-4393,G-5060,2023-09-14 13:12:10,WEB,SUCCESS,True
L-7916,C-1106,D-4013,G-5211,2023-11-02 21:53:07,MOBILE,SUCCESS,True
L-7917,C-1230,D-4204,G-5141,2023-09-21 12:22:52,WEB,FAIL,True
L-7918,C-1082,D-4216,G-5264,2024-06-07 19:52:45,WEB,LOCKED,True
L-7920,C-1054,D-4075,G-5015,2025-05-01 05:14:08,WEB,FAIL,True
L-7921,C-1360,D-4031,G-5237,2025-04-09 19:02:26,WEB,SUCCESS,True
L-7923,C-1126,D-4027,G-5236,2024-01-26 12:05:08,MOBILE,FAIL,True
L-7924,C-1040,D-4024,G-5147,2024-12-02 10:28:28,ATM,LOCKED,True
L-7925,C-1488,D-4141,G-5251,2023-10-26 08:45:43,ATM,SUCCESS,True
L-7928,C-1178,D-4272,G-5270,2024-06-08 12:06:04,ATM,FAIL,True
L-7929,C-1218,D-4360,G-5219,2025-06-09 22:59:48,ATM,FAIL,True
L-7930,C-1015,D-4104,G-5061,2024-02-01 11:43:49,WEB,FAIL,True
L-7933,C-1223,D-4076,G-5040,2023-12-30 05:01:34,ATM,LOCKED,True
L-7934,C-1032,D-4268,G-5123,2024-07-06 20:00:38,MOBILE,LOCKED,True
L-7935,C-1437,D-4243,G-5009,2024-04-03 22:59:02,WEB,SUCCESS,True
L-7937,C-1159,D-4169,G-5012,2023-09-21 04:17:52,WEB,SUCCESS,True
L-7940,C-1335,D-4134,G-5299,2024-01-21 00:46:24,MOBILE,LOCKED,True
L-7941,C-1393,D-4282,G-5034,2025-02-09 08:59:25,ATM,LOCKED,True
L-7943,C-1401,D-4088,G-5021,2025-03-18 08:13:52,ATM,LOCKED,True
L-7944,C-1311,D-4256,G-5019,2024-02-26 22:19:52,ATM,LOCKED,True
L-7947,C-1237,D-4302,G-5224,2025-08-26 00:26:32,WEB,FAIL,True
L-7948,C-1195,D-4308,G-5284,2024-11-11 19:29:03,ATM,SUCCESS,True
L-7951,C-1292,D-4136,G-5127,2024-09-17 18:00:16,MOBILE,SUCCESS,True
L-7952,C-1390,D-4165,G-5223,2024-11-24 20:07:46,MOBILE,SUCCESS,True
L-7953,C-1377,D-4352,G-5263,2023-09-28 15:00:18,ATM,LOCKED,True
L-7958,C-1045,D-4210,G-5028,2025-01-27 06:40:29,MOBILE,LOCKED,True
L-7960,C-1435,D-4279,G-5042,2024-02-26 00:42:06,MOBILE,FAIL,True
L-7965,C-1155,D-4273,G-5070,2024-10-02 11:55:28,MOBILE,SUCCESS,True
L-7970,C-1242,D-4341,G-5047,2024-10-13 00:15:01,MOBILE,SUCCESS,True
L-7971,C-1194,D-4288,G-5043,2024-12-16 04:49:03,ATM,LOCKED,True
L-7972,C-1206,D-4046,G-5043,2024-02-06 15:37:02,MOBILE,LOCKED,True
L-7973,C-1456,D-4255,G-5138,2024-10-09 20:08:53,MOBILE,LOCKED,True
L-7974,C-1343,D-4216,G-5286,2024-04-13 08:53:36,MOBILE,FAIL,True
L-7976,C-1325,D-4025,G-5136,2025-08-25 00:09:31,WEB,LOCKED,True
L-7978,C-1404,D-4297,G-5216,2024-10-03 06:03:55,WEB,FAIL,True
L-7979,C-1218,D-4022,G-5253,2023-11-11 17:21:49,MOBILE,SUCCESS,True
L-7980,C-1249,D-4145,G-5283,2025-04-02 04:42:24,MOBILE,FAIL,True
L-7981,C-1370,D-4193,G-5181,2025-04-04 16:55:36,WEB,FAIL,True
L-7982,C-1297,D-4337,G-5203,2024-07-11 17:45:57,MOBILE,FAIL,True
L-7983,C-1327,D-4023,G-5215,2025-04-17 21:54:03,ATM,LOCKED,True
L-7984,C-1192,D-4196,G-5279,2024-08-12 06:26:57,MOBILE,LOCKED,True
L-7985,C-1135,D-4313,G-5219,2024-07-27 07:45:48,WEB,FAIL,True
L-7989,C-1389,D-4124,G-5208,2025-07-11 14:39:12,ATM,LOCKED,True
L-7990,C-1279,D-4064,G-5000,2024-03-25 14:03:03,MOBILE,FAIL,True
L-7991,C-1273,D-4204,G-5272,2025-07-10 14:34:00,MOBILE,LOCKED,True
L-7992,C-1021,D-4223,G-5070,2025-06-11 14:13:40,ATM,FAIL,True
L-7994,C-1294,D-4034,G-5217,2023-12-09 12:15:21,WEB,LOCKED,True
L-7995,C-1426,D-4032,G-5045,2025-03-22 16:15:34,ATM,SUCCESS,True
L-7996,C-1109,D-4057,G-5127,2023-09-01 16:50:39,ATM,LOCKED,True
L-7997,C-1386,D-4307,G-5083,2024-10-21 20:25:22,MOBILE,LOCKED,True
L-7998,C-1208,D-4055,G-5119,2024-02-23 05:14:52,MOBILE,FAIL,True
L-7999,C-1368,D-4208,G-5000,2024-04-14 18:53:06,ATM,SUCCESS,True
L-8000,C-1127,D-4022,G-5130,2024-09-27 15:17:51,ATM,LOCKED,True
L-8001,C-1261,D-4048,G-5205,2025-02-19 18:32:37,ATM,LOCKED,True
L-8003,C-1253,D-4074,G-5134,2024-01-17 17:15:51,WEB,LOCKED,True
L-8007,C-1247,D-4382,G-5033,2025-04-12 11:24:41,MOBILE,LOCKED,True
L-8010,C-1426,D-4282,G-5074,2024-04-09 10:42:50,WEB,FAIL,True
L-8012,C-1434,D-4053,G-5115,2024-03-29 13:35:13,ATM,LOCKED,True
L-8014,C-1216,D-4315,G-5275,2025-03-13 23:08:59,MOBILE,LOCKED,True
L-8016,C-1476,D-4259,G-5195,2024-07-12 08:56:47,ATM,LOCKED,True
L-8017,C-1456,D-4046,G-5167,2024-04-20 23:34:35,ATM,LOCKED,True
L-8018,C-1133,D-4160,G-5025,2024-03-27 00:26:24,WEB,SUCCESS,True
L-8020,C-1399,D-4244,G-5184,2023-09-18 20:31:07,MOBILE,LOCKED,True
L-8021,C-1475,D-4195,G-5022,2024-03-13 16:36:56,ATM,SUCCESS,True
L-8027,C-1003,D-4025,G-5012,2025-02-08 00:23:51,ATM,SUCCESS,True
L-8028,C-1152,D-4271,G-5297,2025-04-11 17:52:10,ATM,SUCCESS,True
L-8035,C-1393,D-4163,G-5113,2024-07-07 06:35:45,MOBILE,LOCKED,True
L-8039,C-1358,D-4148,G-5027,2025-04-27 05:03:06,WEB,FAIL,True
L-8040,C-1323,D-4171,G-5177,2025-01-13 08:52:37,MOBILE,SUCCESS,True
L-8041,C-1004,D-4355,G-5217,2024-05-06 18:08:20,MOBILE,SUCCESS,True
L-8042,C-1060,D-4089,G-5077,2024-10-02 03:02:10,ATM,SUCCESS,True
L-8047,C-1363,D-4051,G-5047,2024-08-29 00:27:48,ATM,LOCKED,True
L-8049,C-1003,D-4389,G-5274,2025-05-28 04:42:56,WEB,SUCCESS,True
L-8051,C-1364,D-4253,G-5286,2024-04-17 09:48:03,MOBILE,SUCCESS,True
L-8052,C-1447,D-4040,G-5088,2024-03-25 07:39:27,ATM,FAIL,True
L-8055,C-1415,D-4217,G-5038,2024-01-04 15:32:25,MOBILE,LOCKED,True
L-8056,C-1056,D-4084,G-5027,2024-04-24 04:51:49,MOBILE,LOCKED,True
L-8057,C-1128,D-4117,G-5245,2024-06-23 01:33:28,ATM,SUCCESS,True
L-8058,C-1220,D-4177,G-5197,2024-10-08 11:44:03,WEB,FAIL,True
L-8059,C-1283,D-4179,G-5086,2024-08-06 21:02:54,ATM,FAIL,True
L-8061,C-1063,D-4343,G-5285,2023-11-03 03:47:40,MOBILE,LOCKED,True
L-8062,C-1166,D-4129,G-5185,2024-04-20 04:57:34,ATM,SUCCESS,True
L-8063,C-1016,D-4346,G-5219,2025-08-19 16:11:55,ATM,FAIL,True
L-8065,C-1378,D-4074,G-5100,2024-06-19 20:13:50,WEB,SUCCESS,True
L-8067,C-1394,D-4275,G-5251,2024-12-12 06:09:03,WEB,FAIL,True
L-8071,C-1086,D-4037,G-5243,2024-12-17 11:52:44,ATM,LOCKED,True
L-8074,C-1168,D-4365,G-5099,2024-03-07 05:13:30,WEB,FAIL,True
L-8075,C-1311,D-4117,G-5166,2023-11-05 21:46:23,MOBILE,FAIL,True
L-8076,C-1319,D-4117,G-5169,2025-05-16 23:59:51,MOBILE,FAIL,True
L-8080,C-1088,D-4142,G-5130,2024-07-31 02:50:07,ATM,LOCKED,True
L-8081,C-1489,D-4184,G-5133,2024-07-04 20:59:58,ATM,FAIL,True
L-8082,C-1027,D-4272,G-5107,2024-04-24 02:06:37,ATM,LOCKED,True
L-8084,C-1401,D-4282,G-5054,2023-12-16 13:06:44,WEB,LOCKED,True
L-8089,C-1306,D-4031,G-5156,2023-12-23 02:08:21,ATM,FAIL,True
L-8091,C-1140,D-4230,G-5070,2024-06-15 19:54:02,ATM,FAIL,True
L-8095,C-1266,D-4120,G-5121,2025-04-07 02:24:18,WEB,SUCCESS,True
L-8098,C-1264,D-4263,G-5025,2024-10-31 01:10:06,MOBILE,SUCCESS,True
L-8102,C-1222,D-4194,G-5058,2024-06-12 20:37:45,WEB,SUCCESS,True
L-8105,C-1096,D-4190,G-5196,2024-11-26 04:05:17,WEB,FAIL,True
L-8107,C-1332,D-4124,G-5043,2024-06-24 20:28:46,WEB,FAIL,True
L-8108,C-1141,D-4215,G-5281,2024-07-16 11:12:18,MOBILE,SUCCESS,True
L-8110,C-1404,D-4050,G-5017,2025-05-15 00:24:48,WEB,SUCCESS,True
L-8112,C-1468,D-4093,G-5001,2023-10-15 04:16:50,ATM,FAIL,True
L-8120,C-1267,D-4314,G-5007,2024-11-16 08:59:39,ATM,LOCKED,True
L-8124,C-1198,D-4310,G-5235,2024-03-02 07:15:35,WEB,LOCKED,True
L-8125,C-1119,D-4276,G-5221,2025-01-24 01:49:55,WEB,FAIL,True
L-8127,C-1015,D-4189,G-5219,2025-01-12 09:02:42,MOBILE,FAIL,True
L-8131,C-1391,D-4183,G-5232,2023-12-10 12:15:45,MOBILE,FAIL,True
L-8134,C-1171,D-4261,G-5160,2024-11-03 16:08:30,WEB,FAIL,True
L-8135,C-1249,D-4233,G-5148,2024-09-10 15:49:47,WEB,LOCKED,True
L-8136,C-1382,D-4070,G-5249,2023-12-11 06:19:01,ATM,FAIL,True
L-8137,C-1308,D-4094,G-5038,2024-01-17 19:57:36,WEB,LOCKED,True
L-8138,C-1344,D-4330,G-5282,2025-07-28 04:34:00,MOBILE,FAIL,True
L-8140,C-1136,D-4090,G-5083,2024-02-18 12:51:19,MOBILE,LOCKED,True
L-8141,C-1482,D-4244,G-5171,2024-08-23 20:17:29,WEB,FAIL,True
L-8142,C-1027,D-4362,G-5135,2024-02-03 23:00:02,ATM,FAIL,True
L-8143,C-1469,D-4067,G-5053,2024-02-21 12:34:33,ATM,LOCKED,True
L-8144,C-1150,D-4190,G-5248,2024-09-07 00:40:56,WEB,FAIL,True
L-8145,C-1222,D-4399,G-5258,2025-02-25 17:01:14,MOBILE,SUCCESS,True
L-8146,C-1432,D-4295,G-5072,2024-11-01 23:21:30,MOBILE,FAIL,True
L-8148,C-1025,D-4032,G-5204,2024-03-23 03:44:47,MOBILE,LOCKED,True
L-8149,C-1460,D-4175,G-5209,2023-10-06 21:53:12,ATM,SUCCESS,True
L-8151,C-1433,D-4240,G-5090,2025-02-01 05:34:56,MOBILE,LOCKED,True
L-8152,C-1312,D-4167,G-5143,2025-03-01 19:44:43,WEB,SUCCESS,True
L-8153,C-1045,D-4248,G-5266,2023-10-15 12:35:01,MOBILE,SUCCESS,True
L-8154,C-1352,D-4134,G-5231,2024-01-31 19:45:43,MOBILE,SUCCESS,True
L-8156,C-1473,D-4395,G-5191,2024-07-12 20:58:30,WEB,FAIL,True
L-8157,C-1033,D-4030,G-5179,2024-09-11 15:57:37,WEB,SUCCESS,True
L-8159,C-1091,D-4237,G-5055,2024-04-16 04:53:12,WEB,FAIL,True
L-8160,C-1095,D-4218,G-5041,2025-02-25 14:04:00,WEB,LOCKED,True
L-8161,C-1185,D-4116,G-5225,2025-07-12 14:31:25,WEB,LOCKED,True
L-8162,C-1069,D-4102,G-5022,2024-10-04 02:26:57,WEB,FAIL,True
L-8163,C-1036,D-4220,G-5160,2024-05-06 09:11:40,WEB,SUCCESS,True
L-8164,C-1489,D-4247,G-5131,2024-09-14 15:24:17,WEB,LOCKED,True
L-8165,C-1293,D-4159,G-5287,2024-09-19 01:06:50,ATM,LOCKED,True
L-8167,C-1303,D-4284,G-5293,2023-10-05 12:46:47,MOBILE,FAIL,True
L-8168,C-1176,D-4067,G-5131,2025-08-16 13:13:43,ATM,FAIL,True
L-8169,C-1392,D-4059,G-5211,2024-03-19 18:43:47,WEB,LOCKED,True
L-8170,C-1406,D-4369,G-5263,2025-04-29 00:26:56,MOBILE,FAIL,True
L-8173,C-1170,D-4023,G-5078,2024-11-22 06:21:16,ATM,LOCKED,True
L-8174,C-1339,D-4312,G-5206,2024-06-20 15:14:38,MOBILE,LOCKED,True
L-8177,C-1268,D-4391,G-5123,2025-08-04 23:52:04,ATM,SUCCESS,True
L-8180,C-1099,D-4301,G-5280,2025-02-01 10:58:51,MOBILE,LOCKED,True
L-8181,C-1128,D-4153,G-5277,2025-04-19 22:58:50,MOBILE,LOCKED,True
L-8182,C-1155,D-4090,G-5162,2024-08-09 14:08:03,MOBILE,FAIL,True
L-8186,C-1184,D-4229,G-5171,2025-05-24 01:07:03,ATM,SUCCESS,True
L-8189,C-1479,D-4170,G-5166,2025-05-01 19:12:00,WEB,SUCCESS,True
L-8190,C-1252,D-4322,G-5158,2024-06-10 09:08:14,WEB,LOCKED,True
L-8196,C-1012,D-4207,G-5189,2024-11-04 18:56:21,MOBILE,FAIL,True
L-8197,C-1418,D-4137,G-5042,2025-02-02 09:45:29,MOBILE,SUCCESS,True
L-8198,C-1457,D-4042,G-5069,2023-08-28 05:13:28,MOBILE,FAIL,True
