login_id,customer_id,device_id,geo_id,ts,channel,result
L-7000,C-1162,D-4239,G-5125,2025-01-03T12:31:38,MOBILE,FAIL
L-7001,C-1161,D-4312,G-5271,2023-12-05T07:28:42,WEB,LOCKED
L-7002,C-1049,D-4033,G-5043,2024-03-10T05:17:58,WEB,SUCCESS
L-7003,C-1471,D-4027,G-5169,2023-09-13T19:56:35,WEB,FAIL
L-7004,C-1476,D-4182,G-5103,2025-04-19T06:06:45,MOBILE,SUCCESS
L-7005,C-1157,D-4033,G-5185,2024-06-04T17:08:47,ATM,LOCKED
L-7006,C-1463,D-4228,G-5243,2024-03-01T00:23:43,ATM,LOCKED
L-7007,C-1089,D-4148,G-5155,2024-08-04T09:45:25,WEB,LOCKED
L-7008,C-1081,D-4077,G-5083,2024-09-14T03:53:44,IVR,SUCCESS
L-7009,C-1272,D-4316,G-5209,2024-01-05T08:06:00,MOBILE,LOCKED
L-7010,C-1282,D-4321,G-5240,2024-12-04T23:57:48,ATM,LOCKED
L-7011,C-1434,D-4127,G-5058,2025-01-10T10:56:43,MOBILE,FAIL
L-7012,C-1049,D-4386,G-5020,2023-08-30T21:11:10,MOBILE,FAIL
L-7013,C-1242,D-4194,G-5244,2024-11-02T21:00:07,MOBILE,SUCCESS
L-7014,C-1300,D-4352,G-5185,2025-03-11T16:03:07,IVR,LOCKED
L-7015,C-1292,D-4093,G-5229,2024-03-25T12:38:39,WEB,FAIL
L-7016,C-1484,D-4343,G-5290,2025-02-04T03:13:45,ATM,FAIL
L-7017,C-1043,D-4189,G-5035,2025-06-02T14:28:28,MOBILE,SUCCESS
L-7018,C-1319,D-4153,G-5201,2025-03-29T13:57:40,MOBILE,SUCCESS
L-7019,C-1478,D-4342,G-5100,2024-10-06T17:40:31,ATM,FAIL
L-7020,C-1364,D-4042,G-5181,2024-12-13T06:02:22,IVR,SUCCESS
L-7021,C-1318,D-4302,G-5213,2024-06-30T23:34:36,MOBILE,FAIL
L-7022,C-1435,D-4129,G-5098,2024-04-27T02:13:06,ATM,LOCKED
L-7023,C-1462,D-4012,G-5250,2025-07-08T21:52:15,ATM,SUCCESS
L-7024,C-1026,D-4332,G-5122,2024-02-18T20:57:01,ATM,FAIL
L-7025,C-1229,D-4221,G-5172,2025-01-05T23:22:17,WEB,FAIL
L-7026,C-1383,D-4388,G-5234,2024-12-23T00:57:31,WEB,FAIL
L-7027,C-1282,D-4016,G-5066,2024-03-14T12:01:22,WEB,LOCKED
L-7028,C-1293,D-4009,G-5154,2024-05-11T00:44:54,IVR,SUCCESS
L-7029,C-1463,D-4240,G-5194,2025-07-08T03:52:08,IVR,SUCCESS
L-7030,C-1355,D-4344,G-5138,2023-09-16T12:35:06,IVR,FAIL
L-7031,C-1187,D-4262,G-5217,2024-02-26T15:58:25,IVR,LOCKED
L-7032,C-1175,D-4067,G-5177,2024-08-03T00:59:57,ATM,LOCKED
L-7033,C-1098,D-4250,G-5144,2025-05-12T14:47:00,ATM,SUCCESS
L-7034,C-1467,D-4230,G-5043,2025-05-20T09:25:18,ATM,LOCKED
L-7035,C-1458,D-4058,G-5011,2024-05-23T22:46:54,MOBILE,SUCCESS
L-7036,C-1124,D-4038,G-5090,2024-03-30T18:44:07,ATM,SUCCESS
L-7037,C-1078,D-4292,G-5121,2024-10-29T20:12:20,WEB,SUCCESS
L-7038,C-1004,D-4370,G-5006,2025-06-29T21:43:03,ATM,LOCKED
L-7039,C-1036,D-4079,G-5298,2023-09-20T20:05:33,IVR,LOCKED
L-7040,C-1447,D-4169,G-5054,2025-04-17T20:32:52,WEB,SUCCESS
L-7041,C-1360,D-4071,G-5102,2024-09-03T23:24:14,WEB,SUCCESS
L-7042,C-1046,D-4367,G-5046,2024-10-07T07:49:10,WEB,FAIL
L-7043,C-1405,D-4351,G-5119,2023-09-01T05:27:32,MOBILE,SUCCESS
L-7044,C-1367,D-4040,G-5198,2024-06-12T12:32:28,ATM,LOCKED
L-7045,C-1271,D-4098,G-5243,2024-02-20T21:04:16,MOBILE,LOCKED
L-7046,C-1253,D-4309,G-5095,2024-10-12T20:31:17,IVR,FAIL
L-7047,C-1374,D-4346,G-5031,2024-02-10T06:25:57,IVR,SUCCESS
L-7048,C-1259,D-4003,G-5040,2024-01-27T21:58:40,MOBILE,SUCCESS
L-7049,C-1134,D-4073,G-5277,2025-03-15T02:29:10,MOBILE,LOCKED
L-7050,C-1063,D-4359,G-5038,2024-10-14T02:00:57,MOBILE,SUCCESS
L-7051,C-1434,D-4164,G-5116,2024-06-10T09:45:41,MOBILE,FAIL
L-7052,C-1325,D-4303,G-5151,2025-08-13T23:09:47,IVR,LOCKED
L-7053,C-1327,D-4146,G-5111,2024-07-04T12:23:28,IVR,FAIL
L-7054,C-1422,D-4176,G-5123,2024-11-19T07:58:09,WEB,LOCKED
L-7055,C-1455,D-4349,G-5128,2024-01-19T23:13:33,ATM,SUCCESS
L-7056,C-1033,D-4031,G-5032,2024-01-18T10:42:11,IVR,FAIL
L-7057,C-1462,D-4375,G-5030,2025-03-09T01:25:37,IVR,SUCCESS
L-7058,C-1345,D-4391,G-5228,2024-12-10T03:52:06,WEB,LOCKED
L-7059,C-1345,D-4045,G-5163,2023-11-28T10:38:11,ATM,LOCKED
L-7060,C-1348,D-4310,G-5033,2024-03-05T22:31:40,ATM,LOCKED
L-7061,C-1429,D-4163,G-5230,2024-07-07T18:05:28,ATM,LOCKED
L-7062,C-1415,D-4245,G-5189,2024-12-05T05:55:31,IVR,FAIL
L-7063,C-1390,D-4250,G-5160,2024-06-16T13:03:15,MOBILE,SUCCESS
L-7064,C-1300,D-4087,G-5021,2024-04-17T20:49:14,ATM,FAIL
L-7065,C-1238,D-4236,G-5166,2025-03-23T14:20:37,IVR,FAIL
L-7066,C-1444,D-4237,G-5231,2024-10-07T05:40:06,MOBILE,SUCCESS
L-7067,C-1377,D-4384,G-5197,2023-09-28T21:14:24,IVR,SUCCESS
L-7068,C-1447,D-4071,G-5162,2025-02-17T15:36:51,IVR,LOCKED
L-7069,C-1076,D-4204,G-5187,2025-08-09T05:16:24,WEB,FAIL
L-7070,C-1405,D-4338,G-5088,2024-03-28T11:31:48,MOBILE,LOCKED
L-7071,C-1484,D-4094,G-5111,2025-05-17T19:32:53,WEB,SUCCESS
L-7072,C-1200,D-4241,G-5076,2025-04-24T00:45:50,ATM,FAIL
L-7073,C-1101,D-4011,G-5254,2023-09-18T05:24:34,IVR,SUCCESS
L-7074,C-1155,D-4281,G-5142,2024-08-29T06:56:00,MOBILE,SUCCESS
L-7075,C-1249,D-4310,G-5255,2024-02-14T12:56:14,IVR,FAIL
L-7076,C-1485,D-4081,G-5249,2024-08-16T18:25:30,WEB,FAIL
L-7077,C-1492,D-4054,G-5034,2024-02-04T22:10:29,ATM,LOCKED
L-7078,C-1244,D-4311,G-5148,2023-10-08T13:34:15,MOBILE,SUCCESS
L-7079,C-1265,D-4253,G-5110,2025-05-11T05:15:39,IVR,FAIL
L-7080,C-1006,D-4157,G-5081,2025-07-06T13:32:52,ATM,LOCKED
L-7081,C-1159,D-4350,G-5219,2024-03-27T00:51:36,WEB,LOCKED
L-7082,C-1066,D-4271,G-5144,2023-11-02T10:04:01,ATM,LOCKED
L-7083,C-1191,D-4352,G-5065,2024-05-25T18:35:54,ATM,LOCKED
L-7084,C-1496,D-4242,G-5032,2023-08-27T13:55:11,WEB,FAIL
L-7085,C-1189,D-4213,G-5126,2025-03-09T03:12:02,MOBILE,FAIL
L-7086,C-1352,D-4119,G-5160,2025-07-10T00:16:17,IVR,FAIL
L-7087,C-1284,D-4174,G-5295,2024-06-21T15:08:09,ATM,LOCKED
L-7088,C-1099,D-4065,G-5164,2024-02-12T05:14:42,MOBILE,LOCKED
L-7089,C-1303,D-4312,G-5121,2024-01-10T19:03:09,MOBILE,FAIL
L-7090,C-1288,D-4240,G-5009,2025-05-17T07:54:19,ATM,LOCKED
L-7091,C-1450,D-4048,G-5196,2025-02-25T08:05:50,MOBILE,LOCKED
L-7092,C-1164,D-4041,G-5270,2024-03-13T14:57:00,IVR,FAIL
L-7093,C-1308,D-4372,G-5136,2025-06-07T19:01:29,WEB,FAIL
L-7094,C-1199,D-4398,G-5098,2023-09-18T07:59:31,ATM,LOCKED
L-7095,C-1073,D-4186,G-5030,2024-04-26T15:08:10,IVR,SUCCESS
L-7096,C-1114,D-4324,G-5001,2023-11-14T20:18:12,ATM,FAIL
L-7097,C-1422,D-4317,G-5247,2023-10-01T04:58:52,MOBILE,FAIL
L-7098,C-1489,D-4163,G-5248,2025-05-10T14:59:17,ATM,LOCKED
L-7099,C-1452,D-4274,G-5102,2025-03-21T20:37:01,MOBILE,LOCKED
L-7100,C-1309,D-4061,G-5151,2025-07-09T16:35:50,WEB,LOCKED
L-7101,C-1453,D-4099,G-5268,2023-12-14T04:48:29,ATM,SUCCESS
L-7102,C-1404,D-4192,G-5216,2024-07-08T03:57:47,WEB,FAIL
L-7103,C-1133,D-4104,G-5073,2024-06-01T22:23:50,ATM,SUCCESS
L-7104,C-1014,D-4333,G-5215,2024-09-30T18:16:01,WEB,FAIL
L-7105,C-1238,D-4397,G-5075,2024-02-21T13:38:30,IVR,LOCKED
L-7106,C-1195,D-4284,G-5080,2025-07-01T19:22:59,IVR,FAIL
L-7107,C-1055,D-4140,G-5233,2024-10-13T12:41:19,ATM,SUCCESS
L-7108,C-1361,D-4310,G-5232,2024-08-11T14:36:05,ATM,SUCCESS
L-7109,C-1300,D-4065,G-5165,2024-12-29T04:09:20,WEB,SUCCESS
L-7110,C-1026,D-4167,G-5282,2024-11-20T04:06:07,IVR,FAIL
L-7111,C-1072,D-4161,G-5192,2024-07-27T00:23:16,WEB,LOCKED
L-7112,C-1222,D-4330,G-5165,2024-02-02T13:11:54,IVR,SUCCESS
L-7113,C-1167,D-4313,G-5017,2024-01-30T12:47:12,ATM,FAIL
L-7114,C-1289,D-4387,G-5291,2025-07-18T12:14:05,WEB,LOCKED
L-7115,C-1028,D-4370,G-5067,2024-04-08T20:43:14,IVR,SUCCESS
L-7116,C-1474,D-4034,G-5071,2025-08-13T15:56:16,MOBILE,SUCCESS
L-7117,C-1267,D-4083,G-5120,2024-06-28T00:49:18,WEB,FAIL
L-7118,C-1497,D-4182,G-5173,2024-08-23T12:15:05,WEB,FAIL
L-7119,C-1175,D-4384,G-5035,2024-03-31T22:13:49,IVR,FAIL
L-7120,C-1279,D-4031,G-5268,2025-01-10T15:53:29,IVR,LOCKED
L-7121,C-1404,D-4202,G-5079,2024-07-23T06:09:45,WEB,SUCCESS
L-7122,C-1229,D-4081,G-5059,2024-03-20T13:02:43,ATM,SUCCESS
L-7123,C-1122,D-4028,G-5285,2025-02-13T18:57:27,WEB,SUCCESS
L-7124,C-1329,D-4357,G-5115,2025-04-30T03:38:51,IVR,SUCCESS
L-7125,C-1021,D-4112,G-5119,2025-07-26T05:46:08,MOBILE,SUCCESS
L-7126,C-1256,D-4163,G-5165,2024-06-27T16:00:49,IVR,LOCKED
L-7127,C-1343,D-4202,G-5009,2025-06-27T11:21:32,ATM,FAIL
L-7128,C-1012,D-4342,G-5212,2024-07-27T00:25:54,WEB,SUCCESS
L-7129,C-1102,D-4301,G-5018,2025-03-27T15:54:49,MOBILE,SUCCESS
L-7130,C-1298,D-4251,G-5003,2023-09-24T13:39:23,ATM,LOCKED
L-7131,C-1041,D-4297,G-5188,2024-03-05T21:52:57,MOBILE,FAIL
L-7132,C-1108,D-4077,G-5274,2024-02-12T05:00:17,WEB,LOCKED
L-7133,C-1381,D-4318,G-5144,2025-06-17T08:56:18,ATM,LOCKED
L-7134,C-1191,D-4261,G-5198,2025-06-22T07:15:29,MOBILE,SUCCESS
L-7135,C-1386,D-4311,G-5131,2023-12-10T13:54:23,ATM,SUCCESS
L-7136,C-1167,D-4133,G-5201,2025-07-28T06:40:26,WEB,LOCKED
L-7137,C-1146,D-4231,G-5014,2024-09-06T19:30:02,IVR,LOCKED
L-7138,C-1495,D-4333,G-5262,2024-01-26T05:47:37,IVR,SUCCESS
L-7139,C-1094,D-4057,G-5021,2025-05-26T05:07:45,IVR,SUCCESS
L-7140,C-1380,D-4105,G-5102,2025-04-26T08:26:58,ATM,LOCKED
L-7141,C-1345,D-4109,G-5155,2024-11-11T14:07:23,ATM,FAIL
L-7142,C-1027,D-4331,G-5117,2024-12-19T14:42:25,ATM,SUCCESS
L-7143,C-1261,D-4012,G-5158,2024-08-29T03:32:57,WEB,SUCCESS
L-7144,C-1424,D-4092,G-5170,2024-03-18T23:21:39,MOBILE,FAIL
L-7145,C-1484,D-4368,G-5198,2023-11-21T03:17:26,ATM,FAIL
L-7146,C-1200,D-4308,G-5084,2024-05-13T06:57:39,IVR,FAIL
L-7147,C-1287,D-4305,G-5146,2024-11-30T10:20:34,MOBILE,SUCCESS
L-7148,C-1315,D-4054,G-5000,2023-12-18T11:02:31,WEB,LOCKED
L-7149,C-1025,D-4005,G-5140,2025-04-25T09:30:20,WEB,FAIL
L-7150,C-1227,D-4195,G-5290,2023-10-07T06:18:44,MOBILE,SUCCESS
L-7151,C-1027,D-4188,G-5110,2025-02-27T00:53:28,MOBILE,FAIL
L-7152,C-1379,D-4190,G-5038,2025-04-06T05:55:39,ATM,FAIL
L-7153,C-1334,D-4011,G-5152,2024-11-15T14:52:00,WEB,SUCCESS
L-7154,C-1154,D-4072,G-5134,2024-04-02T21:39:47,IVR,SUCCESS
L-7155,C-1061,D-4325,G-5015,2025-05-23T01:10:42,IVR,SUCCESS
L-7156,C-1007,D-4057,G-5044,2025-05-21T03:35:42,MOBILE,FAIL
L-7157,C-1445,D-4296,G-5285,2023-10-19T18:59:55,ATM,FAIL
L-7158,C-1011,D-4359,G-5288,2023-10-07T00:28:11,IVR,SUCCESS
L-7159,C-1374,D-4354,G-5078,2025-07-07T20:20:50,MOBILE,SUCCESS
L-7160,C-1203,D-4347,G-5193,2023-11-03T12:39:53,WEB,SUCCESS
L-7161,C-1254,D-4221,G-5238,2023-09-11T23:46:14,IVR,SUCCESS
L-7162,C-1498,D-4006,G-5295,2024-01-12T15:04:17,WEB,LOCKED
L-7163,C-1032,D-4394,G-5143,2024-12-26T13:37:29,ATM,LOCKED
L-7164,C-1245,D-4103,G-5136,2024-09-09T13:30:09,WEB,LOCKED
L-7165,C-1139,D-4096,G-5120,2024-07-30T09:05:36,IVR,SUCCESS
L-7166,C-1332,D-4022,G-5288,2023-09-30T10:55:08,IVR,LOCKED
L-7167,C-1487,D-4359,G-5250,2024-09-04T16:10:05,MOBILE,LOCKED
L-7168,C-1434,D-4380,G-5024,2025-05-12T04:48:03,ATM,FAIL
L-7169,C-1045,D-4306,G-5188,2024-10-13T19:20:30,IVR,FAIL
L-7170,C-1278,D-4083,G-5191,2023-11-20T03:20:55,ATM,LOCKED
L-7171,C-1282,D-4276,G-5074,2025-02-06T08:05:12,ATM,LOCKED
L-7172,C-1327,D-4177,G-5208,2025-07-05T07:19:39,MOBILE,LOCKED
L-7173,C-1205,D-4190,G-5239,2024-12-01T17:49:55,ATM,FAIL
L-7174,C-1075,D-4344,G-5253,2024-05-07T05:59:53,IVR,FAIL
L-7175,C-1492,D-4221,G-5044,2023-11-23T21:00:27,ATM,SUCCESS
L-7176,C-1170,D-4183,G-5238,2024-06-25T20:06:13,IVR,LOCKED
L-7177,C-1441,D-4348,G-5084,2024-04-14T19:51:19,WEB,FAIL
L-7178,C-1259,D-4320,G-5074,2024-10-01T17:03:56,ATM,LOCKED
L-7179,C-1323,D-4381,G-5081,2024-03-17T08:29:03,MOBILE,SUCCESS
L-7180,C-1422,D-4354,G-5202,2024-11-28T07:20:12,WEB,FAIL
L-7181,C-1450,D-4057,G-5256,2025-07-10T23:24:20,WEB,LOCKED
L-7182,C-1053,D-4294,G-5002,2024-08-19T00:13:13,ATM,LOCKED
L-7183,C-1340,D-4084,G-5116,2024-08-30T02:39:21,ATM,FAIL
L-7184,C-1059,D-4166,G-5191,2024-11-08T00:28:07,IVR,LOCKED
L-7185,C-1336,D-4201,G-5112,2024-12-30T21:18:46,ATM,LOCKED
L-7186,C-1208,D-4352,G-5054,2024-08-25T02:31:57,MOBILE,LOCKED
L-7187,C-1329,D-4232,G-5079,2024-01-30T14:31:54,MOBILE,LOCKED
L-7188,C-1000,D-4258,G-5055,2024-10-02T04:38:53,IVR,SUCCESS
L-7189,C-1468,D-4036,G-5156,2024-01-26T01:03:50,MOBILE,FAIL
L-7190,C-1155,D-4107,G-5277,2024-02-25T21:59:47,WEB,SUCCESS
L-7191,C-1012,D-4008,G-5015,2025-06-26T21:48:29,ATM,SUCCESS
L-7192,C-1106,D-4095,G-5036,2025-06-04T18:14:41,WEB,FAIL
L-7193,C-1231,D-4060,G-5216,2023-09-12T10:34:33,ATM,LOCKED
L-7194,C-1206,D-4005,G-5153,2024-07-23T07:33:39,ATM,FAIL
L-7195,C-1191,D-4106,G-5155,2023-11-02T06:58:17,IVR,LOCKED
L-7196,C-1301,D-4244,G-5021,2024-03-18T07:07:56,IVR,SUCCESS
L-7197,C-1255,D-4163,G-5179,2024-03-08T23:54:34,WEB,FAIL
L-7198,C-1358,D-4242,G-5196,2024-02-09T12:44:09,WEB,FAIL
L-7199,C-1352,D-4300,G-5179,2025-07-17T10:01:18,IVR,SUCCESS
L-7200,C-1194,D-4019,G-5249,2024-05-02T05:27:57,WEB,FAIL
L-7201,C-1129,D-4278,G-5047,2024-08-07T21:42:41,WEB,SUCCESS
L-7202,C-1370,D-4366,G-5048,2025-06-26T06:18:58,IVR,FAIL
L-7203,C-1383,D-4172,G-5123,2025-01-16T13:13:45,IVR,SUCCESS
L-7204,C-1165,D-4158,G-5282,2024-06-09T21:17:47,IVR,SUCCESS
L-7205,C-1314,D-4210,G-5048,2024-03-22T23:05:24,WEB,LOCKED
L-7206,C-1065,D-4303,G-5014,2025-02-24T18:52:25,IVR,SUCCESS
L-7207,C-1257,D-4092,G-5237,2024-08-27T23:59:09,ATM,LOCKED
L-7208,C-1289,D-4198,G-5274,2024-10-09T18:07:37,WEB,FAIL
L-7209,C-1299,D-4060,G-5264,2024-11-26T20:43:11,IVR,SUCCESS
L-7210,C-1461,D-4231,G-5150,2024-02-05T23:11:01,MOBILE,SUCCESS
L-7211,C-1148,D-4307,G-5169,2025-06-20T16:08:07,IVR,SUCCESS
L-7212,C-1351,D-4079,G-5039,2024-05-17T17:34:24,MOBILE,FAIL
L-7213,C-1248,D-4127,G-5002,2023-09-13T08:55:33,IVR,LOCKED
L-7214,C-1413,D-4334,G-5090,2025-05-15T14:13:28,IVR,SUCCESS
L-7215,C-1154,D-4093,G-5114,2025-08-03T09:07:01,ATM,LOCKED
L-7216,C-1298,D-4252,G-5117,2024-05-19T17:00:47,IVR,LOCKED
L-7217,C-1485,D-4059,G-5051,2025-01-26T22:39:47,MOBILE,SUCCESS
L-7218,C-1067,D-4379,G-5288,2025-04-05T20:31:09,WEB,FAIL
L-7219,C-1254,D-4187,G-5220,2025-04-14T12:03:00,WEB,LOCKED
L-7220,C-1268,D-4355,G-5188,2025-01-05T16:44:25,WEB,FAIL
L-7221,C-1242,D-4017,G-5142,2025-02-09T14:18:48,IVR,LOCKED
L-7222,C-1359,D-4216,G-5034,2024-01-16T00:47:58,WEB,SUCCESS
L-7223,C-1134,D-4340,G-5183,2024-07-09T22:31:22,IVR,FAIL
L-7224,C-1259,D-4124,G-5070,2023-09-20T04:32:57,WEB,SUCCESS
L-7225,C-1082,D-4044,G-5292,2024-01-17T19:47:10,MOBILE,LOCKED
L-7226,C-1100,D-4228,G-5279,2025-04-08T06:46:34,ATM,LOCKED
L-7227,C-1134,D-4244,G-5034,2024-08-23T13:25:38,MOBILE,LOCKED
L-7228,C-1211,D-4059,G-5286,2023-09-18T02:00:44,WEB,SUCCESS
L-7229,C-1103,D-4075,G-5153,2025-03-12T14:52:17,MOBILE,LOCKED
L-7230,C-1359,D-4200,G-5005,2024-07-04T23:05:35,ATM,SUCCESS
L-7231,C-1261,D-4006,G-5057,2025-06-25T02:28:23,ATM,LOCKED
L-7232,C-1271,D-4004,G-5155,2024-10-09T13:30:43,MOBILE,FAIL
L-7233,C-1471,D-4124,G-5245,2024-08-25T21:53:32,MOBILE,SUCCESS
L-7234,C-1339,D-4243,G-5244,2024-05-12T01:59:19,IVR,SUCCESS
L-7235,C-1050,D-4088,G-5198,2024-07-27T15:53:44,WEB,SUCCESS
L-7236,C-1341,D-4065,G-5261,2025-04-04T22:27:00,MOBILE,SUCCESS
L-7237,C-1244,D-4262,G-5037,2024-08-25T23:16:24,MOBILE,SUCCESS
L-7238,C-1320,D-4385,G-5211,2023-10-12T12:38:30,ATM,SUCCESS
L-7239,C-1423,D-4134,G-5208,2024-09-03T01:53:26,WEB,FAIL
L-7240,C-1021,D-4164,G-5202,2023-10-31T17:42:52,WEB,SUCCESS
L-7241,C-1343,D-4371,G-5191,2025-01-01T22:55:26,IVR,FAIL
L-7242,C-1310,D-4115,G-5065,2025-06-13T18:42:13,IVR,LOCKED
L-7243,C-1486,D-4260,G-5208,2025-08-05T17:22:19,MOBILE,SUCCESS
L-7244,C-1306,D-4266,G-5147,2025-02-19T22:59:43,IVR,SUCCESS
L-7245,C-1221,D-4307,G-5015,2024-10-20T08:31:04,IVR,SUCCESS
L-7246,C-1287,D-4043,G-5074,2025-02-04T21:23:09,WEB,FAIL
L-7247,C-1142,D-4201,G-5143,2023-11-27T13:50:30,IVR,LOCKED
L-7248,C-1413,D-4174,G-5155,2023-12-28T18:40:24,ATM,FAIL
L-7249,C-1437,D-4240,G-5261,2024-12-04T09:01:16,IVR,FAIL
L-7250,C-1387,D-4352,G-5286,2024-01-15T04:28:44,MOBILE,FAIL
L-7251,C-1172,D-4046,G-5250,2024-02-28T07:43:03,ATM,LOCKED
L-7252,C-1264,D-4315,G-5032,2025-07-12T10:42:43,ATM,LOCKED
L-7253,C-1137,D-4138,G-5147,2025-03-06T20:33:28,MOBILE,FAIL
L-7254,C-1474,D-4165,G-5122,2024-07-01T13:48:03,MOBILE,FAIL
L-7255,C-1497,D-4156,G-5098,2025-08-12T01:04:31,ATM,LOCKED
L-7256,C-1346,D-4210,G-5142,2023-11-08T05:43:21,ATM,LOCKED
L-7257,C-1217,D-4342,G-5096,2025-06-26T15:20:42,MOBILE,LOCKED
L-7258,C-1151,D-4097,G-5185,2024-02-12T05:12:27,ATM,SUCCESS
L-7259,C-1408,D-4236,G-5297,2024-11-11T06:50:05,MOBILE,SUCCESS
L-7260,C-1370,D-4370,G-5149,2023-11-19T20:07:22,MOBILE,SUCCESS
L-7261,C-1306,D-4324,G-5172,2023-12-03T11:59:54,MOBILE,LOCKED
L-7262,C-1414,D-4254,G-5191,2024-01-19T06:42:56,MOBILE,FAIL
L-7263,C-1247,D-4367,G-5138,2024-09-11T16:47:20,IVR,LOCKED
L-7264,C-1174,D-4074,G-5130,2024-08-19T04:38:09,WEB,FAIL
L-7265,C-1063,D-4192,G-5281,2024-03-10T12:07:10,IVR,SUCCESS
L-7266,C-1034,D-4096,G-5130,2024-06-04T05:24:53,IVR,FAIL
L-7267,C-1478,D-4281,G-5298,2024-12-03T05:11:52,ATM,LOCKED
L-7268,C-1290,D-4215,G-5101,2025-01-08T05:53:54,ATM,SUCCESS
L-7269,C-1218,D-4321,G-5250,2024-11-25T11:18:24,WEB,FAIL
L-7270,C-1223,D-4198,G-5160,2024-10-04T04:08:23,WEB,SUCCESS
L-7271,C-1092,D-4062,G-5185,2024-04-13T17:07:35,WEB,SUCCESS
L-7272,C-1433,D-4035,G-5142,2025-01-29T15:43:36,WEB,LOCKED
L-7273,C-1274,D-4137,G-5065,2023-11-14T03:25:10,WEB,LOCKED
L-7274,C-1351,D-4216,G-5104,2025-02-20T04:17:49,WEB,LOCKED
L-7275,C-1290,D-4030,G-5005,2025-03-20T13:23:21,WEB,FAIL
L-7276,C-1319,D-4368,G-5141,2024-02-03T10:11:16,ATM,FAIL
L-7277,C-1123,D-4118,G-5112,2025-08-01T18:45:06,ATM,LOCKED
L-7278,C-1181,D-4121,G-5077,2025-08-05T00:05:28,WEB,LOCKED
L-7279,C-1299,D-4162,G-5112,2024-03-06T13:10:36,MOBILE,FAIL
L-7280,C-1104,D-4277,G-5008,2024-09-16T13:12:24,MOBILE,SUCCESS
L-7281,C-1292,D-4379,G-5138,2024-07-10T23:20:40,IVR,SUCCESS
L-7282,C-1048,D-4126,G-5208,2025-08-21T22:26:46,MOBILE,SUCCESS
L-7283,C-1235,D-4312,G-5084,2024-09-18T08:26:28,MOBILE,SUCCESS
L-7284,C-1143,D-4054,G-5001,2024-08-06T21:36:33,MOBILE,LOCKED
L-7285,C-1157,D-4222,G-5296,2023-09-02T12:57:58,IVR,FAIL
L-7286,C-1109,D-4118,G-5051,2024-05-12T08:26:16,WEB,FAIL
L-7287,C-1364,D-4227,G-5226,2025-08-07T13:26:16,MOBILE,LOCKED
L-7288,C-1454,D-4196,G-5194,2025-02-15T03:53:24,WEB,LOCKED
L-7289,C-1391,D-4139,G-5105,2024-09-21T19:52:22,IVR,FAIL
L-7290,C-1404,D-4268,G-5175,2025-04-22T05:51:23,ATM,SUCCESS
L-7291,C-1255,D-4259,G-5198,2023-09-04T15:47:11,IVR,LOCKED
L-7292,C-1105,D-4190,G-5073,2024-09-09T14:21:21,WEB,LOCKED
L-7293,C-1428,D-4357,G-5193,2024-11-18T02:46:19,MOBILE,FAIL
L-7294,C-1106,D-4111,G-5160,2023-10-16T22:26:33,ATM,FAIL
L-7295,C-1140,D-4127,G-5148,2025-04-06T16:54:09,MOBILE,FAIL
L-7296,C-1307,D-4240,G-5012,2023-09-30T09:58:37,MOBILE,LOCKED
L-7297,C-1357,D-4033,G-5231,2024-12-26T07:43:08,WEB,FAIL
L-7298,C-1292,D-4176,G-5184,2025-05-10T23:55:00,IVR,SUCCESS
L-7299,C-1251,D-4223,G-5228,2025-04-03T02:03:01,IVR,SUCCESS
L-7300,C-1223,D-4130,G-5178,2024-07-05T17:15:52,MOBILE,FAIL
L-7301,C-1187,D-4133,G-5245,2025-06-12T21:53:39,MOBILE,SUCCESS
L-7302,C-1112,D-4299,G-5264,2025-01-05T13:59:50,MOBILE,SUCCESS
L-7303,C-1195,D-4186,G-5024,2024-06-03T19:09:21,MOBILE,SUCCESS
L-7304,C-1362,D-4081,G-5047,2023-11-27T01:49:34,WEB,FAIL
L-7305,C-1040,D-4268,G-5130,2025-07-15T02:07:13,IVR,SUCCESS
L-7306,C-1150,D-4072,G-5223,2023-09-18T20:04:43,ATM,SUCCESS
L-7307,C-1117,D-4209,G-5159,2025-05-23T10:39:00,MOBILE,LOCKED
L-7308,C-1034,D-4118,G-5047,2024-07-23T11:16:54,WEB,LOCKED
L-7309,C-1335,D-4379,G-5090,2024-03-21T04:53:43,ATM,LOCKED
L-7310,C-1240,D-4216,G-5085,2023-09-27T06:38:56,MOBILE,SUCCESS
L-7311,C-1413,D-4100,G-5039,2024-09-14T18:51:52,WEB,SUCCESS
L-7312,C-1137,D-4091,G-5273,2023-09-23T09:08:00,WEB,FAIL
L-7313,C-1283,D-4389,G-5188,2024-08-14T00:37:59,MOBILE,SUCCESS
L-7314,C-1273,D-4095,G-5125,2024-10-09T10:46:14,WEB,FAIL
L-7315,C-1437,D-4087,G-5139,2024-02-01T18:44:02,WEB,LOCKED
L-7316,C-1258,D-4029,G-5201,2025-04-08T22:09:52,MOBILE,SUCCESS
L-7317,C-1024,D-4240,G-5079,2024-10-17T07:38:17,MOBILE,SUCCESS
L-7318,C-1441,D-4311,G-5188,2025-02-05T07:16:16,ATM,FAIL
L-7319,C-1125,D-4232,G-5089,2025-01-08T22:17:38,WEB,LOCKED
L-7320,C-1127,D-4082,G-5021,2024-04-16T15:52:04,WEB,FAIL
L-7321,C-1069,D-4000,G-5147,2024-08-03T09:13:24,IVR,LOCKED
L-7322,C-1409,D-4250,G-5202,2024-10-11T22:22:53,IVR,LOCKED
L-7323,C-1238,D-4331,G-5266,2025-03-16T03:43:30,ATM,LOCKED
L-7324,C-1295,D-4367,G-5207,2024-03-22T10:16:59,ATM,LOCKED
L-7325,C-1479,D-4208,G-5085,2024-09-27T11:19:17,IVR,SUCCESS
L-7326,C-1412,D-4018,G-5105,2024-01-26T00:25:08,WEB,LOCKED
L-7327,C-1188,D-4152,G-5059,2025-05-13T05:43:00,IVR,FAIL
L-7328,C-1192,D-4153,G-5191,2023-09-03T19:41:46,WEB,FAIL
L-7329,C-1249,D-4101,G-5008,2024-02-19T15:43:44,MOBILE,FAIL
L-7330,C-1396,D-4326,G-5075,2024-03-11T02:07:49,IVR,LOCKED
L-7331,C-1404,D-4388,G-5071,2024-10-01T13:16:07,ATM,FAIL
L-7332,C-1125,D-4072,G-5008,2025-06-10T02:50:15,MOBILE,FAIL
L-7333,C-1129,D-4249,G-5204,2025-04-14T16:27:00,IVR,LOCKED
L-7334,C-1238,D-4190,G-5104,2024-05-25T09:40:12,IVR,SUCCESS
L-7335,C-1212,D-4026,G-5125,2024-08-19T18:02:48,MOBILE,LOCKED
L-7336,C-1472,D-4051,G-5151,2024-02-08T01:23:22,ATM,SUCCESS
L-7337,C-1179,D-4238,G-5197,2024-07-27T18:37:25,IVR,SUCCESS
L-7338,C-1306,D-4150,G-5181,2025-08-17T16:20:17,IVR,SUCCESS
L-7339,C-1478,D-4245,G-5034,2025-06-29T06:14:10,ATM,FAIL
L-7340,C-1099,D-4158,G-5259,2024-05-07T18:24:02,MOBILE,SUCCESS
L-7341,C-1051,D-4074,G-5287,2025-01-20T03:36:07,ATM,SUCCESS
L-7342,C-1012,D-4260,G-5111,2024-04-03T17:37:48,ATM,SUCCESS
L-7343,C-1229,D-4206,G-5171,2025-02-12T13:55:57,IVR,FAIL
L-7344,C-1318,D-4167,G-5145,2025-02-03T11:42:25,ATM,SUCCESS
L-7345,C-1410,D-4264,G-5299,2023-09-01T04:28:48,WEB,FAIL
L-7346,C-1388,D-4249,G-5221,2025-06-30T17:47:45,WEB,LOCKED
L-7347,C-1399,D-4280,G-5289,2024-04-08T15:10:39,WEB,SUCCESS
L-7348,C-1477,D-4193,G-5169,2025-07-08T05:57:00,IVR,LOCKED
L-7349,C-1369,D-4325,G-5136,2024-03-17T07:32:22,MOBILE,SUCCESS
L-7350,C-1390,D-4100,G-5047,2024-12-20T06:44:14,IVR,FAIL
L-7351,C-1201,D-4112,G-5021,2023-12-04T23:47:37,WEB,FAIL
L-7352,C-1006,D-4068,G-5099,2024-09-01T18:38:18,IVR,LOCKED
L-7353,C-1099,D-4213,G-5077,2024-01-17T00:38:49,IVR,LOCKED
L-7354,C-1290,D-4130,G-5107,2024-09-28T20:32:53,WEB,SUCCESS
L-7355,C-1083,D-4019,G-5135,2023-10-10T10:10:57,IVR,SUCCESS
L-7356,C-1112,D-4239,G-5084,2024-12-15T17:38:56,IVR,SUCCESS
L-7357,C-1040,D-4342,G-5235,2023-09-03T05:55:03,ATM,LOCKED
L-7358,C-1372,D-4190,G-5240,2024-01-20T11:24:15,ATM,LOCKED
L-7359,C-1285,D-4280,G-5169,2023-11-25T23:19:41,ATM,LOCKED
L-7360,C-1079,D-4341,G-5266,2025-06-29T21:11:26,ATM,LOCKED
L-7361,C-1398,D-4125,G-5115,2024-08-11T09:34:46,WEB,FAIL
L-7362,C-1247,D-4139,G-5168,2024-10-29T22:21:24,ATM,FAIL
L-7363,C-1498,D-4370,G-5207,2025-07-01T15:23:16,WEB,LOCKED
L-7364,C-1153,D-4131,G-5054,2025-05-23T19:55:45,MOBILE,LOCKED
L-7365,C-1114,D-4112,G-5127,2024-09-22T14:59:41,IVR,SUCCESS
L-7366,C-1474,D-4050,G-5277,2024-03-03T18:01:26,ATM,FAIL
L-7367,C-1380,D-4204,G-5214,2025-05-02T14:53:26,ATM,FAIL
L-7368,C-1041,D-4124,G-5083,2025-01-22T16:51:34,IVR,LOCKED
L-7369,C-1033,D-4396,G-5160,2025-04-27T23:18:38,WEB,FAIL
L-7370,C-1207,D-4221,G-5078,2024-06-24T10:55:30,IVR,FAIL
L-7371,C-1015,D-4170,G-5189,2025-05-11T17:30:55,WEB,FAIL
L-7372,C-1120,D-4249,G-5251,2024-03-12T15:51:12,IVR,LOCKED
L-7373,C-1109,D-4207,G-5220,2024-03-04T09:48:05,MOBILE,FAIL
L-7374,C-1124,D-4312,G-5084,2025-03-22T20:09:13,ATM,SUCCESS
L-7375,C-1306,D-4167,G-5192,2023-10-29T19:18:34,WEB,SUCCESS
L-7376,C-1042,D-4042,G-5004,2024-07-24T00:27:29,MOBILE,LOCKED
L-7377,C-1219,D-4252,G-5047,2024-09-12T01:25:54,MOBILE,SUCCESS
L-7378,C-1001,D-4241,G-5090,2025-03-26T14:32:23,WEB,SUCCESS
L-7379,C-1149,D-4187,G-5182,2024-10-02T21:11:51,WEB,SUCCESS
L-7380,C-1084,D-4158,G-5169,2024-05-05T11:34:20,WEB,SUCCESS
L-7381,C-1298,D-4042,G-5020,2025-03-28T02:05:07,WEB,SUCCESS
L-7382,C-1404,D-4087,G-5200,2024-12-23T09:00:06,IVR,SUCCESS
L-7383,C-1136,D-4303,G-5149,2024-09-19T22:13:45,WEB,LOCKED
L-7384,C-1145,D-4070,G-5033,2025-05-31T04:18:46,IVR,LOCKED
L-7385,C-1436,D-4133,G-5080,2024-03-20T22:24:19,WEB,FAIL
L-7386,C-1310,D-4114,G-5145,2024-03-16T08:39:13,WEB,FAIL
L-7387,C-1436,D-4173,G-5083,2024-03-21T01:35:51,IVR,FAIL
L-7388,C-1183,D-4260,G-5156,2025-07-16T21:10:41,ATM,LOCKED
L-7389,C-1361,D-4205,G-5214,2023-09-27T21:52:33,MOBILE,FAIL
L-7390,C-1341,D-4167,G-5107,2024-10-27T09:40:35,MOBILE,FAIL
L-7391,C-1076,D-4360,G-5079,2024-11-05T01:23:05,WEB,SUCCESS
L-7392,C-1030,D-4300,G-5060,2025-01-19T09:59:01,MOBILE,SUCCESS
L-7393,C-1229,D-4064,G-5076,2024-11-13T06:22:53,WEB,FAIL
L-7394,C-1394,D-4170,G-5163,2025-07-26T09:23:47,MOBILE,LOCKED
L-7395,C-1246,D-4222,G-5209,2024-04-27T13:57:57,WEB,LOCKED
L-7396,C-1342,D-4343,G-5282,2025-03-25T05:30:59,ATM,LOCKED
L-7397,C-1107,D-4242,G-5017,2024-11-24T23:38:12,ATM,SUCCESS
L-7398,C-1200,D-4098,G-5176,2024-02-10T00:50:17,WEB,SUCCESS
L-7399,C-1016,D-4129,G-5199,2023-09-14T04:05:27,MOBILE,FAIL
L-7400,C-1237,D-4337,G-5203,2024-01-28T19:59:57,ATM,FAIL
L-7401,C-1068,D-4167,G-5216,2024-01-18T04:22:39,ATM,LOCKED
L-7402,C-1444,D-4358,G-5094,2024-12-24T11:52:36,WEB,SUCCESS
L-7403,C-1488,D-4128,G-5212,2023-09-21T17:16:21,WEB,FAIL
L-7404,C-1448,D-4171,G-5075,2024-08-18T18:19:32,WEB,SUCCESS
L-7405,C-1122,D-4262,G-5253,2024-12-25T01:14:12,ATM,SUCCESS
L-7406,C-1369,D-4092,G-5213,2025-07-15T21:04:47,WEB,SUCCESS
L-7407,C-1323,D-4184,G-5175,2024-06-10T07:19:17,ATM,FAIL
L-7408,C-1001,D-4053,G-5247,2024-07-29T23:49:53,MOBILE,SUCCESS
L-7409,C-1075,D-4170,G-5258,2023-08-30T12:12:53,ATM,LOCKED
L-7410,C-1200,D-4270,G-5100,2025-06-12T16:39:49,IVR,LOCKED
L-7411,C-1409,D-4020,G-5232,2025-03-02T13:24:20,ATM,LOCKED
L-7412,C-1386,D-4233,G-5022,2025-05-28T05:50:01,ATM,FAIL
L-7413,C-1009,D-4208,G-5032,2024-05-18T10:03:41,IVR,FAIL
L-7414,C-1475,D-4237,G-5292,2023-12-24T13:54:27,MOBILE,FAIL
L-7415,C-1427,D-4302,G-5114,2024-07-20T08:53:51,IVR,FAIL
L-7416,C-1153,D-4333,G-5019,2024-12-19T14:23:00,MOBILE,LOCKED
L-7417,C-1463,D-4296,G-5130,2024-12-24T00:16:47,IVR,FAIL
L-7418,C-1002,D-4271,G-5117,2025-04-24T08:52:04,WEB,SUCCESS
L-7419,C-1487,D-4230,G-5122,2023-10-07T13:45:23,IVR,SUCCESS
L-7420,C-1220,D-4024,G-5038,2023-12-01T00:45:17,ATM,LOCKED
L-7421,C-1416,D-4279,G-5213,2025-03-25T20:06:35,WEB,LOCKED
L-7422,C-1444,D-4375,G-5156,2024-06-02T10:18:25,WEB,FAIL
L-7423,C-1297,D-4109,G-5273,2023-12-28T00:38:55,ATM,SUCCESS
L-7424,C-1437,D-4120,G-5199,2024-02-03T03:07:37,ATM,SUCCESS
L-7425,C-1279,D-4335,G-5102,2025-06-03T21:20:00,WEB,LOCKED
L-7426,C-1219,D-4040,G-5168,2025-08-03T23:57:29,MOBILE,FAIL
L-7427,C-1010,D-4050,G-5066,2025-01-11T15:16:57,ATM,SUCCESS
L-7428,C-1336,D-4149,G-5131,2023-09-24T21:30:45,IVR,SUCCESS
L-7429,C-1463,D-4218,G-5104,2025-07-24T18:51:42,MOBILE,FAIL
L-7430,C-1049,D-4391,G-5147,2023-12-05T19:02:19,ATM,LOCKED
L-7431,C-1354,D-4280,G-5035,2024-12-10T01:48:06,WEB,SUCCESS
L-7432,C-1447,D-4062,G-5001,2024-12-03T03:14:22,MOBILE,SUCCESS
L-7433,C-1398,D-4394,G-5138,2025-01-18T22:56:14,MOBILE,SUCCESS
L-7434,C-1391,D-4231,G-5172,2024-12-22T00:51:31,WEB,LOCKED
L-7435,C-1392,D-4399,G-5273,2024-07-03T23:11:26,IVR,LOCKED
L-7436,C-1062,D-4246,G-5142,2024-06-17T13:42:29,WEB,FAIL
L-7437,C-1403,D-4047,G-5180,2024-01-25T16:08:29,MOBILE,FAIL
L-7438,C-1412,D-4096,G-5279,2024-02-12T14:57:57,ATM,LOCKED
L-7439,C-1009,D-4317,G-5044,2023-09-12T03:10:20,WEB,SUCCESS
L-7440,C-1074,D-4175,G-5082,2024-12-04T21:45:10,MOBILE,FAIL
L-7441,C-1473,D-4387,G-5179,2025-05-26T10:26:20,WEB,FAIL
L-7442,C-1436,D-4199,G-5221,2025-07-19T00:54:55,WEB,LOCKED
L-7443,C-1397,D-4206,G-5108,2024-01-01T19:49:48,MOBILE,SUCCESS
L-7444,C-1317,D-4326,G-5247,2025-08-02T13:54:41,WEB,LOCKED
L-7445,C-1116,D-4336,G-5253,2024-03-04T13:13:00,IVR,FAIL
L-7446,C-1164,D-4328,G-5188,2024-05-30T19:10:34,MOBILE,SUCCESS
L-7447,C-1018,D-4231,G-5096,2025-06-16T12:50:09,WEB,LOCKED
L-7448,C-1181,D-4008,G-5190,2024-07-01T21:42:02,ATM,FAIL
L-7449,C-1383,D-4003,G-5161,2024-05-26T10:55:47,IVR,SUCCESS
L-7450,C-1068,D-4049,G-5266,2024-03-19T04:35:48,WEB,LOCKED
L-7451,C-1069,D-4242,G-5253,2023-08-29T01:30:28,ATM,SUCCESS
L-7452,C-1319,D-4016,G-5162,2024-03-03T17:24:35,MOBILE,FAIL
L-7453,C-1274,D-4217,G-5150,2023-09-18T08:41:29,WEB,SUCCESS
L-7454,C-1028,D-4153,G-5070,2024-08-02T10:50:35,ATM,FAIL
L-7455,C-1078,D-4143,G-5174,2024-12-02T10:56:16,IVR,SUCCESS
L-7456,C-1499,D-4271,G-5186,2025-01-06T17:43:12,WEB,FAIL
L-7457,C-1157,D-4378,G-5153,2024-11-29T07:00:07,IVR,SUCCESS
L-7458,C-1013,D-4145,G-5167,2023-11-25T16:54:12,MOBILE,LOCKED
L-7459,C-1047,D-4070,G-5268,2025-05-11T11:07:34,WEB,FAIL
L-7460,C-1058,D-4048,G-5135,2024-05-26T22:01:41,ATM,FAIL
L-7461,C-1454,D-4063,G-5093,2024-03-27T07:14:12,MOBILE,LOCKED
L-7462,C-1409,D-4040,G-5118,2025-05-12T21:34:55,WEB,FAIL
L-7463,C-1159,D-4389,G-5281,2025-05-04T22:37:06,WEB,LOCKED
L-7464,C-1281,D-4295,G-5279,2025-06-10T05:52:10,ATM,LOCKED
L-7465,C-1336,D-4152,G-5051,2023-10-12T06:16:53,IVR,SUCCESS
L-7466,C-1159,D-4215,G-5047,2025-05-12T06:58:24,ATM,FAIL
L-7467,C-1379,D-4026,G-5070,2024-01-13T08:59:29,WEB,SUCCESS
L-7468,C-1485,D-4301,G-5002,2025-02-06T18:26:49,WEB,FAIL
L-7469,C-1021,D-4240,G-5184,2024-08-20T02:49:41,IVR,LOCKED
L-7470,C-1054,D-4135,G-5081,2024-02-04T11:53:36,MOBILE,SUCCESS
L-7471,C-1171,D-4086,G-5094,2025-08-13T13:26:35,WEB,LOCKED
L-7472,C-1415,D-4008,G-5240,2023-12-31T10:38:50,MOBILE,LOCKED
L-7473,C-1362,D-4064,G-5086,2023-09-15T13:39:52,MOBILE,FAIL
L-7474,C-1002,D-4348,G-5267,2023-11-25T19:25:50,ATM,LOCKED
L-7475,C-1406,D-4373,G-5096,2023-12-17T22:36:22,IVR,LOCKED
L-7476,C-1121,D-4030,G-5220,2025-06-29T12:03:54,MOBILE,LOCKED
L-7477,C-1341,D-4198,G-5098,2024-12-26T07:28:34,ATM,FAIL
L-7478,C-1069,D-4207,G-5210,2024-12-11T18:55:45,ATM,FAIL
L-7479,C-1127,D-4315,G-5063,2024-05-30T01:46:05,IVR,FAIL
L-7480,C-1331,D-4309,G-5254,2024-02-09T13:27:45,WEB,SUCCESS
L-7481,C-1207,D-4302,G-5097,2023-11-07T02:58:31,ATM,LOCKED
L-7482,C-1065,D-4295,G-5094,2024-11-02T07:21:23,WEB,LOCKED
L-7483,C-1127,D-4067,G-5020,2025-08-11T05:24:25,MOBILE,SUCCESS
L-7484,C-1381,D-4023,G-5036,2024-05-06T01:17:27,IVR,SUCCESS
L-7485,C-1494,D-4111,G-5141,2023-08-29T23:10:16,WEB,LOCKED
L-7486,C-1001,D-4333,G-5107,2023-09-12T15:29:30,WEB,LOCKED
L-7487,C-1007,D-4211,G-5054,2024-04-09T12:39:23,ATM,SUCCESS
L-7488,C-1228,D-4073,G-5075,2023-12-04T00:03:23,WEB,FAIL
L-7489,C-1166,D-4210,G-5193,2024-01-29T06:43:01,ATM,FAIL
L-7490,C-1339,D-4103,G-5074,2023-10-26T10:45:36,MOBILE,FAIL
L-7491,C-1180,D-4096,G-5124,2025-01-23T13:00:37,IVR,FAIL
L-7492,C-1485,D-4140,G-5223,2024-10-12T13:08:43,WEB,FAIL
L-7493,C-1001,D-4221,G-5237,2023-12-13T07:54:51,MOBILE,SUCCESS
L-7494,C-1400,D-4030,G-5234,2025-02-20T02:26:39,ATM,SUCCESS
L-7495,C-1211,D-4056,G-5147,2023-09-25T20:12:56,MOBILE,FAIL
L-7496,C-1143,D-4090,G-5218,2025-04-06T08:51:57,WEB,FAIL
L-7497,C-1402,D-4390,G-5271,2025-02-14T17:31:49,WEB,LOCKED
L-7498,C-1232,D-4178,G-5155,2025-06-20T03:16:51,MOBILE,FAIL
L-7499,C-1102,D-4352,G-5141,2024-06-20T05:18:48,IVR,FAIL
L-7500,C-1138,D-4082,G-5245,2025-08-20T11:08:39,MOBILE,FAIL
L-7501,C-1463,D-4068,G-5008,2024-10-01T06:27:01,MOBILE,LOCKED
L-7502,C-1248,D-4196,G-5112,2023-12-02T16:13:23,MOBILE,SUCCESS
L-7503,C-1137,D-4369,G-5189,2025-05-14T23:02:48,ATM,LOCKED
L-7504,C-1050,D-4139,G-5264,2025-08-01T06:25:43,ATM,LOCKED
L-7505,C-1206,D-4010,G-5032,2023-10-08T15:30:30,WEB,SUCCESS
L-7506,C-1460,D-4144,G-5129,2024-04-16T07:46:21,MOBILE,LOCKED
L-7507,C-1476,D-4284,G-5294,2024-10-09T22:36:42,MOBILE,LOCKED
L-7508,C-1254,D-4270,G-5001,2025-07-05T19:08:37,MOBILE,SUCCESS
L-7509,C-1167,D-4393,G-5283,2023-12-01T05:22:37,IVR,LOCKED
L-7510,C-1174,D-4000,G-5246,2025-04-24T18:38:26,MOBILE,SUCCESS
L-7511,C-1055,D-4375,G-5156,2025-02-14T22:11:54,IVR,FAIL
L-7512,C-1356,D-4139,G-5102,2023-09-20T19:59:26,IVR,LOCKED
L-7513,C-1431,D-4308,G-5289,2024-11-08T16:00:55,ATM,SUCCESS
L-7514,C-1194,D-4241,G-5100,2024-02-27T01:06:59,MOBILE,FAIL
L-7515,C-1023,D-4172,G-5182,2025-08-02T10:03:17,IVR,SUCCESS
L-7516,C-1272,D-4170,G-5252,2023-10-08T23:52:57,MOBILE,FAIL
L-7517,C-1490,D-4287,G-5008,2025-08-02T00:39:22,WEB,SUCCESS
L-7518,C-1289,D-4070,G-5118,2024-05-21T18:26:47,IVR,SUCCESS
L-7519,C-1104,D-4239,G-5211,2024-04-13T12:00:59,WEB,SUCCESS
L-7520,C-1348,D-4280,G-5225,2024-10-11T18:15:15,MOBILE,SUCCESS
L-7521,C-1377,D-4109,G-5111,2024-04-06T04:06:09,ATM,SUCCESS
L-7522,C-1018,D-4131,G-5005,2025-02-27T02:50:10,IVR,SUCCESS
L-7523,C-1143,D-4329,G-5230,2024-08-08T18:13:18,MOBILE,SUCCESS
L-7524,C-1174,D-4121,G-5060,2024-02-11T12:18:08,WEB,FAIL
L-7525,C-1405,D-4306,G-5274,2025-08-06T10:29:28,MOBILE,SUCCESS
L-7526,C-1243,D-4352,G-5141,2024-09-30T12:18:07,MOBILE,LOCKED
L-7527,C-1387,D-4356,G-5003,2024-05-31T08:12:33,IVR,SUCCESS
L-7528,C-1407,D-4210,G-5169,2024-08-05T00:19:29,WEB,SUCCESS
L-7529,C-1257,D-4298,G-5117,2025-04-05T03:28:50,ATM,SUCCESS
L-7530,C-1218,D-4356,G-5178,2025-05-28T00:20:58,ATM,FAIL
L-7531,C-1284,D-4356,G-5084,2024-09-06T14:18:02,WEB,LOCKED
L-7532,C-1049,D-4321,G-5292,2024-12-04T14:24:19,WEB,LOCKED
L-7533,C-1140,D-4098,G-5088,2024-08-07T19:32:35,MOBILE,SUCCESS
L-7534,C-1377,D-4023,G-5091,2025-07-13T22:41:34,MOBILE,SUCCESS
L-7535,C-1101,D-4067,G-5151,2024-02-01T11:03:53,IVR,SUCCESS
L-7536,C-1338,D-4230,G-5115,2024-11-24T10:23:06,MOBILE,SUCCESS
L-7537,C-1060,D-4371,G-5104,2025-05-17T18:10:15,ATM,LOCKED
L-7538,C-1387,D-4389,G-5153,2024-10-07T16:21:36,IVR,SUCCESS
L-7539,C-1352,D-4032,G-5081,2025-03-29T22:00:50,IVR,FAIL
L-7540,C-1003,D-4087,G-5191,2023-12-21T08:28:07,WEB,LOCKED
L-7541,C-1089,D-4350,G-5215,2024-03-23T23:23:28,WEB,SUCCESS
L-7542,C-1391,D-4080,G-5108,2025-06-02T01:01:00,WEB,SUCCESS
L-7543,C-1212,D-4055,G-5222,2025-03-05T05:36:33,MOBILE,LOCKED
L-7544,C-1416,D-4085,G-5136,2024-05-08T12:00:57,ATM,FAIL
L-7545,C-1080,D-4304,G-5272,2025-01-03T04:17:58,MOBILE,FAIL
L-7546,C-1217,D-4088,G-5227,2025-02-04T15:57:44,ATM,FAIL
L-7547,C-1133,D-4310,G-5109,2024-05-06T21:02:22,WEB,SUCCESS
L-7548,C-1207,D-4151,G-5192,2024-02-26T09:59:09,IVR,SUCCESS
L-7549,C-1447,D-4297,G-5059,2024-10-08T07:51:36,MOBILE,SUCCESS
L-7550,C-1117,D-4377,G-5273,2025-06-01T03:23:02,WEB,LOCKED
L-7551,C-1245,D-4202,G-5297,2023-11-16T02:28:08,MOBILE,SUCCESS
L-7552,C-1265,D-4092,G-5275,2024-06-12T15:20:30,MOBILE,SUCCESS
L-7553,C-1123,D-4025,G-5260,2025-06-23T00:12:50,WEB,SUCCESS
L-7554,C-1275,D-4282,G-5042,2023-10-31T07:26:53,ATM,LOCKED
L-7555,C-1275,D-4047,G-5132,2024-10-15T17:16:39,ATM,FAIL
L-7556,C-1281,D-4069,G-5091,2023-12-26T08:45:48,WEB,FAIL
L-7557,C-1251,D-4105,G-5071,2024-09-07T01:35:53,MOBILE,LOCKED
L-7558,C-1325,D-4045,G-5265,2023-12-17T10:51:54,MOBILE,LOCKED
L-7559,C-1226,D-4036,G-5216,2025-06-24T04:57:03,WEB,LOCKED
L-7560,C-1389,D-4164,G-5235,2025-02-03T13:31:54,MOBILE,LOCKED
L-7561,C-1141,D-4172,G-5015,2024-01-19T10:16:11,WEB,SUCCESS
L-7562,C-1399,D-4013,G-5012,2025-04-11T12:22:09,WEB,SUCCESS
L-7563,C-1165,D-4084,G-5299,2024-09-29T17:55:55,WEB,SUCCESS
L-7564,C-1352,D-4097,G-5246,2025-07-02T13:50:50,WEB,FAIL
L-7565,C-1401,D-4275,G-5190,2023-12-11T19:35:43,WEB,LOCKED
L-7566,C-1383,D-4309,G-5013,2024-07-30T16:10:47,MOBILE,FAIL
L-7567,C-1160,D-4194,G-5058,2025-08-19T07:30:17,ATM,FAIL
L-7568,C-1133,D-4081,G-5043,2024-03-26T18:21:41,MOBILE,LOCKED
L-7569,C-1342,D-4295,G-5276,2025-06-18T07:04:14,IVR,FAIL
L-7570,C-1251,D-4267,G-5039,2023-12-06T16:57:08,MOBILE,SUCCESS
L-7571,C-1422,D-4390,G-5147,2024-11-24T09:48:09,WEB,FAIL
L-7572,C-1194,D-4240,G-5020,2024-05-28T07:53:05,IVR,FAIL
L-7573,C-1013,D-4022,G-5025,2025-06-30T19:35:55,WEB,LOCKED
L-7574,C-1133,D-4125,G-5193,2023-11-11T01:05:17,ATM,LOCKED
L-7575,C-1174,D-4045,G-5185,2024-09-21T09:02:31,ATM,LOCKED
L-7576,C-1076,D-4207,G-5193,2024-05-19T05:01:24,WEB,SUCCESS
L-7577,C-1211,D-4076,G-5137,2024-01-16T23:57:34,MOBILE,FAIL
L-7578,C-1189,D-4338,G-5025,2025-07-02T22:50:59,ATM,FAIL
L-7579,C-1420,D-4087,G-5295,2024-06-02T23:58:46,IVR,LOCKED
L-7580,C-1021,D-4282,G-5020,2024-06-05T04:02:55,IVR,SUCCESS
L-7581,C-1208,D-4106,G-5123,2025-01-09T17:34:04,IVR,LOCKED
L-7582,C-1438,D-4314,G-5285,2024-08-23T07:45:20,IVR,LOCKED
L-7583,C-1181,D-4008,G-5269,2025-02-09T01:19:24,MOBILE,SUCCESS
L-7584,C-1033,D-4031,G-5137,2024-07-16T20:35:10,WEB,SUCCESS
L-7585,C-1443,D-4200,G-5129,2025-04-18T18:02:27,WEB,LOCKED
L-7586,C-1468,D-4270,G-5002,2024-10-09T13:40:59,ATM,LOCKED
L-7587,C-1375,D-4132,G-5090,2025-04-26T01:57:50,IVR,FAIL
L-7588,C-1450,D-4127,G-5264,2024-10-08T01:55:45,MOBILE,FAIL
L-7589,C-1367,D-4391,G-5096,2025-01-21T06:37:03,WEB,FAIL
L-7590,C-1137,D-4124,G-5079,2025-03-10T18:28:23,WEB,SUCCESS
L-7591,C-1356,D-4204,G-5151,2023-10-27T03:09:33,MOBILE,LOCKED
L-7592,C-1292,D-4330,G-5157,2024-05-13T23:09:46,IVR,FAIL
L-7593,C-1081,D-4010,G-5124,2025-07-29T16:52:34,IVR,LOCKED
L-7594,C-1066,D-4188,G-5270,2024-05-15T10:39:42,IVR,SUCCESS
L-7595,C-1053,D-4158,G-5128,2024-11-28T04:31:54,WEB,FAIL
L-7596,C-1447,D-4020,G-5199,2023-09-27T10:10:53,ATM,LOCKED
L-7597,C-1199,D-4080,G-5181,2024-03-02T20:01:54,ATM,FAIL
L-7598,C-1443,D-4021,G-5095,2023-10-07T05:24:54,IVR,SUCCESS
L-7599,C-1369,D-4345,G-5188,2025-08-23T05:52:42,ATM,LOCKED
L-7600,C-1349,D-4095,G-5150,2024-09-28T06:10:51,MOBILE,LOCKED
L-7601,C-1011,D-4342,G-5043,2023-11-30T19:49:32,IVR,FAIL
L-7602,C-1157,D-4210,G-5143,2024-11-15T07:48:36,ATM,LOCKED
L-7603,C-1294,D-4271,G-5258,2024-07-20T06:57:57,WEB,SUCCESS
L-7604,C-1374,D-4055,G-5188,2025-03-13T23:09:06,MOBILE,LOCKED
L-7605,C-1357,D-4256,G-5265,2025-03-13T00:34:33,MOBILE,FAIL
L-7606,C-1169,D-4371,G-5068,2025-06-18T15:16:31,IVR,LOCKED
L-7607,C-1425,D-4356,G-5031,2025-06-01T16:28:00,ATM,SUCCESS
L-7608,C-1148,D-4351,G-5029,2024-12-20T13:54:20,ATM,SUCCESS
L-7609,C-1104,D-4110,G-5106,2024-05-07T14:19:41,ATM,SUCCESS
L-7610,C-1424,D-4269,G-5131,2025-06-12T20:50:47,ATM,LOCKED
L-7611,C-1062,D-4202,G-5113,2024-04-18T04:02:41,MOBILE,SUCCESS
L-7612,C-1046,D-4048,G-5232,2024-03-16T21:52:36,IVR,LOCKED
L-7613,C-1449,D-4063,G-5278,2025-03-24T16:35:49,WEB,LOCKED
L-7614,C-1499,D-4101,G-5123,2024-09-19T07:54:58,WEB,LOCKED
L-7615,C-1347,D-4101,G-5252,2024-08-12T19:04:00,MOBILE,SUCCESS
L-7616,C-1207,D-4329,G-5165,2024-06-22T16:25:41,MOBILE,SUCCESS
L-7617,C-1451,D-4208,G-5017,2023-11-14T19:27:07,WEB,SUCCESS
L-7618,C-1470,D-4384,G-5258,2025-02-01T00:18:39,IVR,FAIL
L-7619,C-1199,D-4048,G-5236,2025-05-08T07:50:25,IVR,LOCKED
L-7620,C-1368,D-4268,G-5004,2024-05-15T13:12:15,WEB,SUCCESS
L-7621,C-1106,D-4013,G-5015,2023-09-07T03:09:45,WEB,FAIL
L-7622,C-1398,D-4212,G-5057,2025-05-28T00:23:50,MOBILE,LOCKED
L-7623,C-1268,D-4006,G-5125,2025-02-26T22:56:13,IVR,FAIL
L-7624,C-1241,D-4326,G-5254,2025-04-09T14:06:23,ATM,LOCKED
L-7625,C-1145,D-4305,G-5061,2024-04-11T01:17:10,IVR,SUCCESS
L-7626,C-1451,D-4317,G-5109,2024-09-27T15:12:25,IVR,FAIL
L-7627,C-1312,D-4177,G-5068,2024-10-30T04:25:27,WEB,SUCCESS
L-7628,C-1159,D-4309,G-5036,2024-04-01T09:16:15,WEB,LOCKED
L-7629,C-1327,D-4395,G-5294,2024-11-23T02:31:25,ATM,SUCCESS
L-7630,C-1276,D-4149,G-5115,2025-03-22T21:54:13,MOBILE,FAIL
L-7631,C-1271,D-4244,G-5175,2023-11-23T23:41:30,WEB,LOCKED
L-7632,C-1071,D-4387,G-5208,2025-07-13T18:56:34,MOBILE,SUCCESS
L-7633,C-1417,D-4370,G-5080,2025-03-02T08:46:13,MOBILE,LOCKED
L-7634,C-1308,D-4258,G-5075,2025-06-13T03:11:51,WEB,SUCCESS
L-7635,C-1231,D-4140,G-5171,2024-05-05T06:19:06,ATM,FAIL
L-7636,C-1039,D-4047,G-5130,2025-03-21T01:58:11,WEB,LOCKED
L-7637,C-1381,D-4374,G-5150,2023-09-19T05:08:51,MOBILE,LOCKED
L-7638,C-1274,D-4208,G-5021,2024-09-26T00:28:30,ATM,LOCKED
L-7639,C-1010,D-4398,G-5172,2024-11-12T22:24:54,MOBILE,FAIL
L-7640,C-1479,D-4202,G-5219,2023-12-10T09:03:16,IVR,LOCKED
L-7641,C-1023,D-4265,G-5049,2025-01-15T20:34:11,WEB,LOCKED
L-7642,C-1065,D-4218,G-5009,2024-03-11T20:49:03,WEB,SUCCESS
L-7643,C-1447,D-4028,G-5266,2024-04-06T08:14:18,MOBILE,FAIL
L-7644,C-1199,D-4203,G-5045,2024-07-07T20:42:13,WEB,FAIL
L-7645,C-1078,D-4350,G-5233,2025-03-01T11:17:51,WEB,FAIL
L-7646,C-1481,D-4381,G-5108,2024-04-08T04:29:34,WEB,SUCCESS
L-7647,C-1393,D-4111,G-5130,2023-09-27T11:09:28,ATM,FAIL
L-7648,C-1026,D-4220,G-5260,2024-02-26T21:38:07,MOBILE,FAIL
L-7649,C-1292,D-4055,G-5248,2025-08-08T04:02:45,IVR,FAIL
L-7650,C-1390,D-4287,G-5073,2024-05-10T18:35:50,MOBILE,LOCKED
L-7651,C-1425,D-4135,G-5148,2023-09-16T08:25:15,WEB,SUCCESS
L-7652,C-1123,D-4155,G-5283,2024-08-05T03:12:31,WEB,LOCKED
L-7653,C-1229,D-4399,G-5099,2025-08-20T01:45:08,ATM,FAIL
L-7654,C-1121,D-4244,G-5281,2025-06-17T07:14:43,MOBILE,FAIL
L-7655,C-1023,D-4108,G-5119,2024-07-12T07:55:05,ATM,LOCKED
L-7656,C-1370,D-4063,G-5027,2024-12-01T05:26:22,WEB,LOCKED
L-7657,C-1189,D-4231,G-5009,2025-08-18T03:13:46,WEB,LOCKED
L-7658,C-1188,D-4289,G-5297,2024-06-02T01:09:03,WEB,FAIL
L-7659,C-1146,D-4293,G-5093,2024-05-21T19:55:49,WEB,LOCKED
L-7660,C-1231,D-4130,G-5298,2025-04-26T09:38:27,MOBILE,FAIL
L-7661,C-1387,D-4306,G-5293,2024-05-26T04:49:32,IVR,LOCKED
L-7662,C-1293,D-4192,G-5151,2024-12-05T15:13:23,IVR,SUCCESS
L-7663,C-1455,D-4267,G-5151,2025-02-18T12:53:48,MOBILE,LOCKED
L-7664,C-1401,D-4187,G-5296,2025-05-08T21:11:23,IVR,LOCKED
L-7665,C-1487,D-4291,G-5127,2025-04-18T10:18:02,MOBILE,FAIL
L-7666,C-1289,D-4052,G-5150,2025-08-21T03:27:38,WEB,LOCKED
L-7667,C-1454,D-4158,G-5291,2024-02-05T22:22:28,MOBILE,SUCCESS
L-7668,C-1455,D-4097,G-5055,2024-06-07T14:32:15,MOBILE,SUCCESS
L-7669,C-1150,D-4399,G-5072,2025-06-25T06:40:23,IVR,FAIL
L-7670,C-1288,D-4286,G-5028,2024-05-10T22:25:13,IVR,LOCKED
L-7671,C-1358,D-4011,G-5285,2024-09-24T09:00:06,IVR,SUCCESS
L-7672,C-1203,D-4327,G-5060,2024-09-26T07:09:37,IVR,FAIL
L-7673,C-1497,D-4015,G-5226,2023-10-25T23:53:27,MOBILE,LOCKED
L-7674,C-1110,D-4158,G-5287,2025-06-23T14:47:02,MOBILE,LOCKED
L-7675,C-1310,D-4112,G-5166,2023-10-13T17:21:29,ATM,LOCKED
L-7676,C-1124,D-4266,G-5070,2024-09-23T23:25:19,WEB,FAIL
L-7677,C-1423,D-4001,G-5176,2025-04-05T06:11:08,IVR,LOCKED
L-7678,C-1060,D-4072,G-5289,2025-03-01T10:33:20,IVR,FAIL
L-7679,C-1015,D-4281,G-5075,2023-12-08T17:25:24,IVR,LOCKED
L-7680,C-1390,D-4183,G-5278,2025-01-23T08:16:27,MOBILE,FAIL
L-7681,C-1338,D-4136,G-5047,2023-12-23T01:09:10,IVR,LOCKED
L-7682,C-1193,D-4176,G-5208,2024-08-07T11:26:57,WEB,SUCCESS
L-7683,C-1007,D-4287,G-5246,2024-08-01T06:22:00,IVR,SUCCESS
L-7684,C-1344,D-4351,G-5074,2025-04-20T06:33:30,MOBILE,LOCKED
L-7685,C-1160,D-4292,G-5172,2024-05-08T16:15:03,WEB,FAIL
L-7686,C-1431,D-4098,G-5136,2024-04-15T14:24:38,IVR,LOCKED
L-7687,C-1076,D-4123,G-5159,2024-08-07T18:44:45,ATM,LOCKED
L-7688,C-1460,D-4020,G-5015,2025-04-13T19:22:07,MOBILE,FAIL
L-7689,C-1385,D-4114,G-5000,2025-06-06T04:29:52,WEB,LOCKED
L-7690,C-1436,D-4263,G-5222,2024-08-11T15:54:46,IVR,FAIL
L-7691,C-1032,D-4028,G-5059,2024-12-26T00:34:40,IVR,LOCKED
L-7692,C-1103,D-4038,G-5041,2024-09-15T07:49:04,MOBILE,LOCKED
L-7693,C-1171,D-4013,G-5024,2025-08-20T20:18:16,WEB,FAIL
L-7694,C-1270,D-4028,G-5142,2024-09-12T14:42:39,WEB,FAIL
L-7695,C-1322,D-4310,G-5037,2024-03-24T10:50:23,ATM,SUCCESS
L-7696,C-1232,D-4208,G-5090,2024-06-10T14:03:24,MOBILE,LOCKED
L-7697,C-1486,D-4226,G-5210,2024-11-14T17:34:32,MOBILE,SUCCESS
L-7698,C-1373,D-4188,G-5112,2025-07-05T07:50:15,ATM,FAIL
L-7699,C-1008,D-4253,G-5225,2024-01-13T07:29:00,IVR,LOCKED
L-7700,C-1144,D-4200,G-5083,2024-06-08T21:40:08,WEB,LOCKED
L-7701,C-1482,D-4229,G-5071,2024-04-03T01:17:32,IVR,FAIL
L-7702,C-1343,D-4066,G-5070,2025-07-09T14:26:35,ATM,SUCCESS
L-7703,C-1284,D-4047,G-5251,2025-02-26T12:20:54,IVR,FAIL
L-7704,C-1472,D-4024,G-5082,2023-11-25T19:22:26,WEB,FAIL
L-7705,C-1011,D-4203,G-5268,2023-12-02T13:54:32,ATM,SUCCESS
L-7706,C-1496,D-4099,G-5101,2024-02-10T23:27:02,MOBILE,FAIL
L-7707,C-1118,D-4045,G-5067,2024-09-29T01:03:10,ATM,FAIL
L-7708,C-1366,D-4087,G-5103,2024-08-08T01:15:23,ATM,FAIL
L-7709,C-1055,D-4239,G-5278,2023-12-19T19:37:48,WEB,FAIL
L-7710,C-1005,D-4104,G-5084,2025-06-17T23:07:50,WEB,SUCCESS
L-7711,C-1308,D-4083,G-5000,2024-04-06T14:47:08,IVR,SUCCESS
L-7712,C-1112,D-4384,G-5216,2025-03-20T17:53:25,MOBILE,LOCKED
L-7713,C-1342,D-4162,G-5067,2024-11-24T08:10:57,IVR,FAIL
L-7714,C-1279,D-4293,G-5176,2025-05-18T10:40:31,IVR,SUCCESS
L-7715,C-1097,D-4111,G-5229,2025-05-17T19:30:33,WEB,LOCKED
L-7716,C-1279,D-4151,G-5157,2024-03-06T10:32:51,ATM,LOCKED
L-7717,C-1025,D-4371,G-5086,2024-09-04T08:30:08,ATM,SUCCESS
L-7718,C-1072,D-4202,G-5150,2024-12-01T14:18:06,WEB,SUCCESS
L-7719,C-1220,D-4141,G-5145,2024-08-25T13:48:05,WEB,SUCCESS
L-7720,C-1231,D-4104,G-5128,2024-12-16T18:55:25,WEB,FAIL
L-7721,C-1240,D-4273,G-5055,2023-09-25T11:55:42,MOBILE,FAIL
L-7722,C-1379,D-4255,G-5262,2023-09-08T18:56:29,MOBILE,SUCCESS
L-7723,C-1038,D-4007,G-5082,2024-09-12T20:17:43,WEB,FAIL
L-7724,C-1457,D-4301,G-5274,2023-10-13T19:37:01,MOBILE,SUCCESS
L-7725,C-1321,D-4099,G-5133,2025-02-28T13:50:59,IVR,SUCCESS
L-7726,C-1293,D-4279,G-5174,2024-04-03T22:44:49,IVR,LOCKED
L-7727,C-1351,D-4310,G-5224,2025-07-05T13:10:12,MOBILE,FAIL
L-7728,C-1443,D-4118,G-5276,2024-05-09T14:35:36,MOBILE,SUCCESS
L-7729,C-1434,D-4263,G-5090,2025-07-19T22:48:29,ATM,FAIL
L-7730,C-1014,D-4173,G-5117,2024-06-04T10:29:45,IVR,LOCKED
L-7731,C-1011,D-4252,G-5278,2024-12-04T11:28:00,IVR,FAIL
L-7732,C-1348,D-4060,G-5232,2024-04-03T07:34:04,IVR,LOCKED
L-7733,C-1031,D-4206,G-5254,2024-10-24T18:10:14,MOBILE,FAIL
L-7734,C-1265,D-4399,G-5075,2025-06-02T21:31:26,WEB,FAIL
L-7735,C-1391,D-4001,G-5192,2024-04-23T18:24:54,MOBILE,SUCCESS
L-7736,C-1337,D-4087,G-5092,2024-11-10T16:01:12,MOBILE,LOCKED
L-7737,C-1178,D-4167,G-5081,2025-02-10T22:34:53,WEB,FAIL
L-7738,C-1347,D-4337,G-5187,2025-03-21T04:09:28,WEB,FAIL
L-7739,C-1276,D-4229,G-5053,2024-07-14T17:21:32,ATM,FAIL
L-7740,C-1291,D-4076,G-5037,2024-08-19T06:57:17,MOBILE,SUCCESS
L-7741,C-1292,D-4071,G-5167,2025-07-22T19:25:29,IVR,FAIL
L-7742,C-1386,D-4304,G-5020,2024-03-19T12:19:19,ATM,SUCCESS
L-7743,C-1220,D-4319,G-5277,2025-08-11T17:17:31,ATM,LOCKED
L-7744,C-1444,D-4008,G-5081,2025-03-07T12:22:20,MOBILE,SUCCESS
L-7745,C-1435,D-4169,G-5017,2025-06-13T05:54:10,MOBILE,LOCKED
L-7746,C-1430,D-4277,G-5221,2025-07-19T21:01:17,ATM,LOCKED
L-7747,C-1496,D-4149,G-5066,2023-11-16T12:37:30,ATM,LOCKED
L-7748,C-1172,D-4376,G-5262,2024-07-30T12:11:33,WEB,LOCKED
L-7749,C-1043,D-4145,G-5177,2024-07-22T17:40:46,IVR,LOCKED
L-7750,C-1279,D-4259,G-5234,2023-12-07T12:51:21,WEB,LOCKED
L-7751,C-1335,D-4225,G-5046,2024-01-26T22:47:38,ATM,SUCCESS
L-7752,C-1120,D-4278,G-5205,2025-02-02T23:36:33,IVR,FAIL
L-7753,C-1244,D-4100,G-5276,2024-11-06T08:32:46,MOBILE,SUCCESS
L-7754,C-1478,D-4315,G-5231,2024-05-17T08:43:51,ATM,FAIL
L-7755,C-1399,D-4039,G-5032,2025-04-29T16:38:22,IVR,FAIL
L-7756,C-1312,D-4272,G-5252,2024-07-19T03:57:57,IVR,LOCKED
L-7757,C-1076,D-4319,G-5294,2025-01-19T10:01:15,IVR,LOCKED
L-7758,C-1254,D-4367,G-5078,2025-06-13T05:56:54,MOBILE,FAIL
L-7759,C-1264,D-4295,G-5100,2024-09-09T01:18:34,IVR,LOCKED
L-7760,C-1019,D-4329,G-5272,2023-11-25T18:16:19,ATM,LOCKED
L-7761,C-1268,D-4000,G-5204,2023-12-24T05:00:52,MOBILE,LOCKED
L-7762,C-1320,D-4121,G-5188,2024-05-08T19:10:21,WEB,LOCKED
L-7763,C-1137,D-4015,G-5184,2024-06-04T07:14:41,IVR,FAIL
L-7764,C-1372,D-4317,G-5169,2024-11-23T19:40:09,IVR,LOCKED
L-7765,C-1019,D-4015,G-5063,2024-02-14T05:13:04,MOBILE,FAIL
L-7766,C-1460,D-4277,G-5090,2024-05-19T08:57:18,ATM,FAIL
L-7767,C-1137,D-4128,G-5093,2025-07-26T21:17:10,IVR,FAIL
L-7768,C-1303,D-4201,G-5100,2023-09-18T18:23:45,MOBILE,FAIL
L-7769,C-1423,D-4313,G-5150,2025-08-18T00:24:11,MOBILE,LOCKED
L-7770,C-1126,D-4324,G-5068,2024-01-04T15:22:39,ATM,FAIL
L-7771,C-1425,D-4113,G-5099,2025-04-20T16:58:48,WEB,FAIL
L-7772,C-1207,D-4084,G-5133,2024-08-10T09:39:39,WEB,LOCKED
L-7773,C-1348,D-4167,G-5095,2024-07-26T06:34:35,ATM,LOCKED
L-7774,C-1477,D-4247,G-5091,2024-08-07T13:35:21,ATM,FAIL
L-7775,C-1085,D-4294,G-5087,2024-03-18T05:40:17,IVR,LOCKED
L-7776,C-1113,D-4355,G-5113,2024-12-23T06:57:27,ATM,LOCKED
L-7777,C-1311,D-4351,G-5189,2025-03-18T20:43:04,WEB,SUCCESS
L-7778,C-1440,D-4258,G-5054,2025-05-02T03:13:24,IVR,FAIL
L-7779,C-1187,D-4013,G-5250,2023-09-11T17:40:48,ATM,FAIL
L-7780,C-1486,D-4286,G-5166,2024-06-13T07:18:20,WEB,LOCKED
L-7781,C-1164,D-4387,G-5249,2024-04-16T10:55:49,ATM,FAIL
L-7782,C-1114,D-4003,G-5099,2023-11-30T19:39:55,ATM,LOCKED
L-7783,C-1319,D-4061,G-5262,2025-04-25T03:31:10,WEB,SUCCESS
L-7784,C-1467,D-4246,G-5247,2023-12-24T20:25:25,MOBILE,SUCCESS
L-7785,C-1101,D-4267,G-5170,2025-08-03T08:46:40,MOBILE,FAIL
L-7786,C-1406,D-4019,G-5044,2025-04-20T03:39:02,ATM,SUCCESS
L-7787,C-1201,D-4157,G-5045,2023-12-23T10:28:31,ATM,FAIL
L-7788,C-1232,D-4055,G-5167,2024-09-10T19:04:06,ATM,SUCCESS
L-7789,C-1054,D-4110,G-5088,2023-12-19T03:36:31,ATM,LOCKED
L-7790,C-1453,D-4109,G-5214,2025-02-04T09:04:52,IVR,LOCKED
L-7791,C-1433,D-4268,G-5049,2024-09-04T11:15:38,MOBILE,FAIL
L-7792,C-1229,D-4162,G-5023,2024-06-30T03:45:41,WEB,LOCKED
L-7793,C-1136,D-4076,G-5055,2024-06-01T12:45:15,ATM,SUCCESS
L-7794,C-1018,D-4397,G-5181,2024-01-26T20:18:14,MOBILE,FAIL
L-7795,C-1196,D-4315,G-5270,2025-05-13T00:50:43,WEB,LOCKED
L-7796,C-1302,D-4268,G-5242,2023-10-14T07:21:05,WEB,LOCKED
L-7797,C-1375,D-4067,G-5244,2024-04-02T09:32:22,WEB,FAIL
L-7798,C-1184,D-4066,G-5120,2025-05-22T04:11:23,ATM,FAIL
L-7799,C-1083,D-4070,G-5169,2024-06-07T06:10:06,IVR,FAIL
L-7800,C-1029,D-4166,G-5298,2023-11-22T11:17:10,IVR,FAIL
L-7801,C-1275,D-4226,G-5143,2025-02-15T04:01:27,ATM,SUCCESS
L-7802,C-1070,D-4252,G-5172,2024-12-26T01:07:51,ATM,LOCKED
L-7803,C-1457,D-4342,G-5143,2024-01-30T10:18:45,ATM,LOCKED
L-7804,C-1301,D-4216,G-5186,2024-03-28T04:14:12,ATM,LOCKED
L-7805,C-1430,D-4314,G-5147,2023-11-14T17:40:43,MOBILE,LOCKED
L-7806,C-1065,D-4155,G-5060,2024-09-15T03:46:58,WEB,LOCKED
L-7807,C-1219,D-4170,G-5013,2025-07-30T14:05:47,MOBILE,SUCCESS
L-7808,C-1451,D-4020,G-5021,2025-08-17T01:16:51,MOBILE,FAIL
L-7809,C-1190,D-4327,G-5117,2025-01-02T07:30:35,MOBILE,SUCCESS
L-7810,C-1490,D-4121,G-5067,2025-05-23T19:06:53,WEB,FAIL
L-7811,C-1444,D-4162,G-5035,2023-10-03T22:53:32,MOBILE,SUCCESS
L-7812,C-1165,D-4174,G-5246,2023-10-08T23:15:24,WEB,LOCKED
L-7813,C-1104,D-4324,G-5217,2024-05-15T20:40:22,MOBILE,LOCKED
L-7814,C-1051,D-4145,G-5155,2024-04-02T07:30:19,ATM,LOCKED
L-7815,C-1268,D-4315,G-5196,2024-06-04T17:00:01,IVR,LOCKED
L-7816,C-1317,D-4366,G-5251,2024-05-13T20:18:05,MOBILE,FAIL
L-7817,C-1493,D-4353,G-5113,2024-10-31T04:14:43,IVR,FAIL
L-7818,C-1460,D-4326,G-5225,2024-02-29T11:45:30,ATM,LOCKED
L-7819,C-1211,D-4076,G-5003,2025-05-01T09:54:16,MOBILE,FAIL
L-7820,C-1433,D-4263,G-5085,2024-04-07T15:36:57,ATM,FAIL
L-7821,C-1107,D-4035,G-5269,2024-05-26T21:31:03,MOBILE,SUCCESS
L-7822,C-1362,D-4278,G-5054,2024-05-28T19:16:02,MOBILE,SUCCESS
L-7823,C-1428,D-4032,G-5064,2024-12-22T01:32:13,MOBILE,LOCKED
L-7824,C-1073,D-4330,G-5003,2024-05-13T16:58:52,ATM,LOCKED
L-7825,C-1047,D-4030,G-5193,2025-07-16T02:01:39,WEB,SUCCESS
L-7826,C-1266,D-4125,G-5212,2025-06-01T20:23:26,ATM,FAIL
L-7827,C-1081,D-4104,G-5283,2024-06-03T22:14:16,IVR,FAIL
L-7828,C-1012,D-4272,G-5084,2025-08-12T23:17:16,IVR,FAIL
L-7829,C-1265,D-4361,G-5044,2024-07-29T13:09:47,IVR,SUCCESS
L-7830,C-1402,D-4092,G-5179,2025-05-10T01:05:29,IVR,FAIL
L-7831,C-1164,D-4133,G-5185,2024-01-19T01:45:33,ATM,FAIL
L-7832,C-1069,D-4194,G-5079,2023-11-30T02:54:32,WEB,FAIL
L-7833,C-1072,D-4316,G-5046,2024-07-20T20:46:29,IVR,FAIL
L-7834,C-1460,D-4336,G-5283,2024-11-02T03:57:08,MOBILE,LOCKED
L-7835,C-1052,D-4200,G-5027,2025-01-22T23:13:41,MOBILE,LOCKED
L-7836,C-1225,D-4061,G-5240,2024-02-09T07:38:32,MOBILE,SUCCESS
L-7837,C-1234,D-4351,G-5110,2024-01-31T15:44:54,MOBILE,FAIL
L-7838,C-1403,D-4367,G-5111,2024-06-11T06:58:53,MOBILE,SUCCESS
L-7839,C-1166,D-4093,G-5088,2025-05-04T12:57:33,MOBILE,LOCKED
L-7840,C-1489,D-4290,G-5109,2025-08-16T04:50:35,IVR,SUCCESS
L-7841,C-1489,D-4051,G-5218,2025-01-18T16:03:09,ATM,LOCKED
L-7842,C-1437,D-4299,G-5038,2024-09-05T05:30:30,ATM,SUCCESS
L-7843,C-1283,D-4281,G-5073,2025-02-19T18:28:07,MOBILE,SUCCESS
L-7844,C-1166,D-4334,G-5186,2025-06-25T01:05:08,MOBILE,LOCKED
L-7845,C-1438,D-4276,G-5104,2025-04-11T04:55:59,ATM,LOCKED
L-7846,C-1481,D-4157,G-5136,2024-07-13T14:28:16,IVR,SUCCESS
L-7847,C-1250,D-4371,G-5237,2024-07-13T17:14:51,IVR,SUCCESS
L-7848,C-1082,D-4201,G-5148,2024-09-24T21:30:46,MOBILE,SUCCESS
L-7849,C-1292,D-4170,G-5133,2023-10-07T11:35:01,ATM,LOCKED
L-7850,C-1415,D-4396,G-5255,2024-11-03T21:50:31,WEB,SUCCESS
L-7851,C-1457,D-4228,G-5298,2025-05-24T18:23:01,IVR,SUCCESS
L-7852,C-1095,D-4292,G-5089,2025-04-25T05:01:29,IVR,SUCCESS
L-7853,C-1082,D-4028,G-5169,2024-12-14T12:14:21,MOBILE,LOCKED
L-7854,C-1461,D-4305,G-5239,2024-05-29T04:07:16,IVR,LOCKED
L-7855,C-1057,D-4109,G-5251,2025-04-06T19:22:51,ATM,SUCCESS
L-7856,C-1296,D-4285,G-5265,2023-09-01T14:32:22,MOBILE,SUCCESS
L-7857,C-1076,D-4014,G-5050,2024-04-16T18:19:08,MOBILE,FAIL
L-7858,C-1203,D-4373,G-5027,2025-05-11T16:28:35,MOBILE,SUCCESS
L-7859,C-1019,D-4022,G-5135,2025-03-26T07:18:42,IVR,LOCKED
L-7860,C-1415,D-4351,G-5238,2024-11-19T11:23:09,IVR,FAIL
L-7861,C-1350,D-4107,G-5190,2023-11-05T18:09:47,ATM,SUCCESS
L-7862,C-1121,D-4326,G-5273,2023-09-18T20:12:21,IVR,SUCCESS
L-7863,C-1408,D-4384,G-5020,2024-09-20T01:19:45,MOBILE,SUCCESS
L-7864,C-1142,D-4154,G-5120,2024-07-15T17:58:29,IVR,LOCKED
L-7865,C-1041,D-4293,G-5293,2025-04-07T04:47:24,ATM,SUCCESS
L-7866,C-1235,D-4034,G-5177,2025-03-05T21:26:27,MOBILE,SUCCESS
L-7867,C-1446,D-4372,G-5292,2023-10-05T00:48:00,WEB,SUCCESS
L-7868,C-1398,D-4076,G-5295,2024-04-10T16:33:38,MOBILE,LOCKED
L-7869,C-1482,D-4300,G-5178,2024-01-29T15:00:53,WEB,SUCCESS
L-7870,C-1155,D-4101,G-5244,2023-10-27T06:44:12,ATM,LOCKED
L-7871,C-1444,D-4376,G-5261,2024-08-28T11:00:06,MOBILE,SUCCESS
L-7872,C-1313,D-4100,G-5002,2023-11-03T12:47:09,IVR,FAIL
L-7873,C-1042,D-4107,G-5255,2024-06-09T09:13:01,WEB,LOCKED
L-7874,C-1495,D-4058,G-5074,2025-08-02T22:32:45,IVR,SUCCESS
L-7875,C-1324,D-4077,G-5077,2024-05-08T14:16:01,WEB,SUCCESS
L-7876,C-1080,D-4060,G-5235,2025-02-05T02:50:17,IVR,FAIL
L-7877,C-1385,D-4338,G-5071,2024-08-26T19:51:04,WEB,SUCCESS
L-7878,C-1310,D-4394,G-5045,2024-11-02T20:57:01,WEB,SUCCESS
L-7879,C-1195,D-4206,G-5053,2024-05-01T22:31:47,MOBILE,SUCCESS
L-7880,C-1021,D-4061,G-5016,2025-04-12T12:02:35,IVR,SUCCESS
L-7881,C-1370,D-4175,G-5270,2023-12-27T19:27:53,IVR,SUCCESS
L-7882,C-1101,D-4318,G-5109,2023-11-07T04:18:44,WEB,FAIL
L-7883,C-1292,D-4098,G-5220,2024-12-24T14:18:41,IVR,FAIL
L-7884,C-1106,D-4274,G-5006,2025-03-06T09:42:19,MOBILE,FAIL
L-7885,C-1333,D-4340,G-5154,2024-11-18T08:28:01,WEB,SUCCESS
L-7886,C-1391,D-4144,G-5090,2024-08-15T08:45:03,WEB,SUCCESS
L-7887,C-1145,D-4011,G-5285,2024-11-21T10:46:05,IVR,LOCKED
L-7888,C-1268,D-4071,G-5172,2024-02-22T09:15:50,WEB,LOCKED
L-7889,C-1340,D-4167,G-5068,2024-02-15T19:49:04,MOBILE,LOCKED
L-7890,C-1146,D-4192,G-5065,2024-06-25T05:43:44,WEB,LOCKED
L-7891,C-1099,D-4358,G-5187,2024-10-31T09:54:19,ATM,LOCKED
L-7892,C-1194,D-4033,G-5000,2024-06-19T14:30:49,MOBILE,LOCKED
L-7893,C-1341,D-4291,G-5176,2025-07-15T15:31:40,MOBILE,LOCKED
L-7894,C-1298,D-4254,G-5008,2023-10-01T11:15:00,WEB,SUCCESS
L-7895,C-1496,D-4232,G-5060,2025-04-22T04:38:37,MOBILE,FAIL
L-7896,C-1097,D-4217,G-5183,2025-08-24T05:32:17,ATM,LOCKED
L-7897,C-1187,D-4198,G-5157,2024-12-17T01:46:35,MOBILE,SUCCESS
L-7898,C-1433,D-4013,G-5132,2025-02-06T00:24:22,WEB,LOCKED
L-7899,C-1398,D-4079,G-5013,2024-03-01T23:22:02,MOBILE,FAIL
L-7900,C-1476,D-4027,G-5216,2025-07-02T13:51:35,WEB,FAIL
L-7901,C-1314,D-4082,G-5245,2023-10-18T19:43:18,MOBILE,LOCKED
L-7902,C-1253,D-4142,G-5030,2025-01-26T14:14:29,MOBILE,LOCKED
L-7903,C-1317,D-4031,G-5226,2025-02-04T17:06:21,WEB,FAIL
L-7904,C-1218,D-4302,G-5011,2024-07-17T23:16:00,IVR,SUCCESS
L-7905,C-1066,D-4064,G-5144,2023-09-23T13:29:56,WEB,FAIL
L-7906,C-1163,D-4133,G-5081,2024-10-06T04:30:42,WEB,SUCCESS
L-7907,C-1359,D-4363,G-5146,2024-11-15T18:21:54,WEB,SUCCESS
L-7908,C-1030,D-4063,G-5008,2025-07-12T16:25:58,ATM,FAIL
L-7909,C-1489,D-4254,G-5288,2024-10-01T15:17:41,IVR,FAIL
L-7910,C-1216,D-4157,G-5033,2024-09-22T17:26:33,ATM,FAIL
L-7911,C-1302,D-4346,G-5178,2024-10-23T21:42:41,ATM,FAIL
L-7912,C-1217,D-4088,G-5126,2024-05-24T14:52:08,ATM,FAIL
L-7913,C-1430,D-4054,G-5070,2025-01-09T12:08:02,ATM,FAIL
L-7914,C-1222,D-4001,G-5056,2025-02-04T03:03:21,WEB,LOCKED
L-7915,C-1030,D-4393,G-5060,2023-09-14T13:12:10,WEB,SUCCESS
L-7916,C-1106,D-4013,G-5211,2023-11-02T21:53:07,MOBILE,SUCCESS
L-7917,C-1230,D-4204,G-5141,2023-09-21T12:22:52,WEB,FAIL
L-7918,C-1082,D-4216,G-5264,2024-06-07T19:52:45,WEB,LOCKED
L-7919,C-1006,D-4264,G-5049,2024-06-10T08:29:43,ATM,FAIL
L-7920,C-1054,D-4075,G-5015,2025-05-01T05:14:08,WEB,FAIL
L-7921,C-1360,D-4031,G-5237,2025-04-09T19:02:26,WEB,SUCCESS
L-7922,C-1260,D-4021,G-5209,2024-10-28T05:06:06,IVR,SUCCESS
L-7923,C-1126,D-4027,G-5236,2024-01-26T12:05:08,MOBILE,FAIL
L-7924,C-1040,D-4024,G-5147,2024-12-02T10:28:28,ATM,LOCKED
L-7925,C-1488,D-4141,G-5251,2023-10-26T08:45:43,ATM,SUCCESS
L-7926,C-1410,D-4205,G-5089,2023-11-06T16:06:02,WEB,LOCKED
L-7927,C-1100,D-4012,G-5008,2023-11-18T11:18:16,IVR,SUCCESS
L-7928,C-1178,D-4272,G-5270,2024-06-08T12:06:04,ATM,FAIL
L-7929,C-1218,D-4360,G-5219,2025-06-09T22:59:48,ATM,FAIL
L-7930,C-1015,D-4104,G-5061,2024-02-01T11:43:49,WEB,FAIL
L-7931,C-1101,D-4343,G-5102,2024-01-08T02:26:06,IVR,SUCCESS
L-7932,C-1421,D-4225,G-5130,2023-09-29T12:21:36,IVR,FAIL
L-7933,C-1223,D-4076,G-5040,2023-12-30T05:01:34,ATM,LOCKED
L-7934,C-1032,D-4268,G-5123,2024-07-06T20:00:38,MOBILE,LOCKED
L-7935,C-1437,D-4243,G-5009,2024-04-03T22:59:02,WEB,SUCCESS
L-7936,C-1136,D-4206,G-5212,2023-10-03T05:24:43,IVR,SUCCESS
L-7937,C-1159,D-4169,G-5012,2023-09-21T04:17:52,WEB,SUCCESS
L-7938,C-1025,D-4228,G-5248,2024-12-13T05:03:56,IVR,SUCCESS
L-7939,C-1467,D-4129,G-5019,2025-02-26T14:38:35,WEB,LOCKED
L-7940,C-1335,D-4134,G-5299,2024-01-21T00:46:24,MOBILE,LOCKED
L-7941,C-1393,D-4282,G-5034,2025-02-09T08:59:25,ATM,LOCKED
L-7942,C-1001,D-4161,G-5127,2025-02-03T01:52:23,WEB,FAIL
L-7943,C-1401,D-4088,G-5021,2025-03-18T08:13:52,ATM,LOCKED
L-7944,C-1311,D-4256,G-5019,2024-02-26T22:19:52,ATM,LOCKED
L-7945,C-1425,D-4306,G-5254,2025-02-26T04:26:05,IVR,LOCKED
L-7946,C-1270,D-4252,G-5114,2024-02-11T05:11:59,WEB,SUCCESS
L-7947,C-1237,D-4302,G-5224,2025-08-26T00:26:32,WEB,FAIL
L-7948,C-1195,D-4308,G-5284,2024-11-11T19:29:03,ATM,SUCCESS
L-7949,C-1210,D-4195,G-5050,2024-07-28T05:14:29,MOBILE,SUCCESS
L-7950,C-1248,D-4146,G-5025,2024-03-02T07:16:12,IVR,FAIL
L-7951,C-1292,D-4136,G-5127,2024-09-17T18:00:16,MOBILE,SUCCESS
L-7952,C-1390,D-4165,G-5223,2024-11-24T20:07:46,MOBILE,SUCCESS
L-7953,C-1377,D-4352,G-5263,2023-09-28T15:00:18,ATM,LOCKED
L-7954,C-1291,D-4058,G-5228,2024-01-17T05:05:14,WEB,SUCCESS
L-7955,C-1364,D-4135,G-5084,2025-08-02T02:35:16,IVR,LOCKED
L-7956,C-1071,D-4013,G-5109,2023-08-28T11:00:10,IVR,SUCCESS
L-7957,C-1263,D-4235,G-5276,2025-01-24T14:53:17,MOBILE,SUCCESS
L-7958,C-1045,D-4210,G-5028,2025-01-27T06:40:29,MOBILE,LOCKED
L-7959,C-1340,D-4337,G-5014,2025-07-17T10:31:47,ATM,SUCCESS
L-7960,C-1435,D-4279,G-5042,2024-02-26T00:42:06,MOBILE,FAIL
L-7961,C-1350,D-4359,G-5292,2024-10-21T14:11:20,IVR,SUCCESS
L-7962,C-1459,D-4057,G-5042,2024-11-03T22:19:06,IVR,SUCCESS
L-7963,C-1374,D-4275,G-5257,2025-01-01T18:41:05,ATM,LOCKED
L-7964,C-1260,D-4015,G-5036,2024-08-08T04:24:15,IVR,FAIL
L-7965,C-1155,D-4273,G-5070,2024-10-02T11:55:28,MOBILE,SUCCESS
L-7966,C-1231,D-4182,G-5267,2024-01-05T06:21:35,MOBILE,LOCKED
L-7967,C-1225,D-4259,G-5191,2025-01-16T05:26:49,IVR,SUCCESS
L-7968,C-1276,D-4088,G-5031,2023-10-14T07:54:53,WEB,FAIL
L-7969,C-1276,D-4023,G-5214,2024-11-03T05:11:40,IVR,FAIL
L-7970,C-1242,D-4341,G-5047,2024-10-13T00:15:01,MOBILE,SUCCESS
L-7971,C-1194,D-4288,G-5043,2024-12-16T04:49:03,ATM,LOCKED
L-7972,C-1206,D-4046,G-5043,2024-02-06T15:37:02,MOBILE,LOCKED
L-7973,C-1456,D-4255,G-5138,2024-10-09T20:08:53,MOBILE,LOCKED
L-7974,C-1343,D-4216,G-5286,2024-04-13T08:53:36,MOBILE,FAIL
L-7975,C-1371,D-4385,G-5200,2024-04-02T15:07:40,IVR,LOCKED
L-7976,C-1325,D-4025,G-5136,2025-08-25T00:09:31,WEB,LOCKED
L-7977,C-1181,D-4117,G-5060,2024-08-09T22:19:06,ATM,SUCCESS
L-7978,C-1404,D-4297,G-5216,2024-10-03T06:03:55,WEB,FAIL
L-7979,C-1218,D-4022,G-5253,2023-11-11T17:21:49,MOBILE,SUCCESS
L-7980,C-1249,D-4145,G-5283,2025-04-02T04:42:24,MOBILE,FAIL
L-7981,C-1370,D-4193,G-5181,2025-04-04T16:55:36,WEB,FAIL
L-7982,C-1297,D-4337,G-5203,2024-07-11T17:45:57,MOBILE,FAIL
L-7983,C-1327,D-4023,G-5215,2025-04-17T21:54:03,ATM,LOCKED
L-7984,C-1192,D-4196,G-5279,2024-08-12T06:26:57,MOBILE,LOCKED
L-7985,C-1135,D-4313,G-5219,2024-07-27T07:45:48,WEB,FAIL
L-7986,C-1231,D-4261,G-5159,2024-07-05T12:00:42,MOBILE,SUCCESS
L-7987,C-1227,D-4005,G-5078,2024-03-06T13:16:37,ATM,SUCCESS
L-7988,C-1197,D-4072,G-5081,2025-03-29T08:15:27,ATM,LOCKED
L-7989,C-1389,D-4124,G-5208,2025-07-11T14:39:12,ATM,LOCKED
L-7990,C-1279,D-4064,G-5000,2024-03-25T14:03:03,MOBILE,FAIL
L-7991,C-1273,D-4204,G-5272,2025-07-10T14:34:00,MOBILE,LOCKED
L-7992,C-1021,D-4223,G-5070,2025-06-11T14:13:40,ATM,FAIL
L-7993,C-1245,D-4077,G-5269,2025-05-12T08:21:23,IVR,LOCKED
L-7994,C-1294,D-4034,G-5217,2023-12-09T12:15:21,WEB,LOCKED
L-7995,C-1426,D-4032,G-5045,2025-03-22T16:15:34,ATM,SUCCESS
L-7996,C-1109,D-4057,G-5127,2023-09-01T16:50:39,ATM,LOCKED
L-7997,C-1386,D-4307,G-5083,2024-10-21T20:25:22,MOBILE,LOCKED
L-7998,C-1208,D-4055,G-5119,2024-02-23T05:14:52,MOBILE,FAIL
L-7999,C-1368,D-4208,G-5000,2024-04-14T18:53:06,ATM,SUCCESS
L-8000,C-1127,D-4022,G-5130,2024-09-27T15:17:51,ATM,LOCKED
L-8001,C-1261,D-4048,G-5205,2025-02-19T18:32:37,ATM,LOCKED
L-8002,C-1011,D-4084,G-5184,2023-11-06T13:41:06,ATM,FAIL
L-8003,C-1253,D-4074,G-5134,2024-01-17T17:15:51,WEB,LOCKED
L-8004,C-1049,D-4219,G-5162,2024-04-10T21:05:30,WEB,SUCCESS
L-8005,C-1356,D-4148,G-5140,2024-01-18T07:18:52,WEB,LOCKED
L-8006,C-1213,D-4205,G-5032,2025-03-25T13:24:43,IVR,LOCKED
L-8007,C-1247,D-4382,G-5033,2025-04-12T11:24:41,MOBILE,LOCKED
L-8008,C-1132,D-4304,G-5275,2024-07-05T22:45:57,WEB,LOCKED
L-8009,C-1277,D-4373,G-5001,2024-07-29T09:52:10,IVR,FAIL
L-8010,C-1426,D-4282,G-5074,2024-04-09T10:42:50,WEB,FAIL
L-8011,C-1040,D-4226,G-5138,2024-09-02T23:04:52,IVR,LOCKED
L-8012,C-1434,D-4053,G-5115,2024-03-29T13:35:13,ATM,LOCKED
L-8013,C-1094,D-4201,G-5192,2023-12-20T05:13:18,ATM,LOCKED
L-8014,C-1216,D-4315,G-5275,2025-03-13T23:08:59,MOBILE,LOCKED
L-8015,C-1499,D-4297,G-5202,2025-05-21T12:05:16,IVR,FAIL
L-8016,C-1476,D-4259,G-5195,2024-07-12T08:56:47,ATM,LOCKED
L-8017,C-1456,D-4046,G-5167,2024-04-20T23:34:35,ATM,LOCKED
L-8018,C-1133,D-4160,G-5025,2024-03-27T00:26:24,WEB,SUCCESS
L-8019,C-1314,D-4069,G-5092,2025-06-15T09:38:43,WEB,LOCKED
L-8020,C-1399,D-4244,G-5184,2023-09-18T20:31:07,MOBILE,LOCKED
L-8021,C-1475,D-4195,G-5022,2024-03-13T16:36:56,ATM,SUCCESS
L-8022,C-1036,D-4242,G-5040,2024-08-20T06:20:52,IVR,LOCKED
L-8023,C-1372,D-4031,G-5116,2025-01-11T01:41:04,IVR,SUCCESS
L-8024,C-1215,D-4160,G-5127,2024-11-02T14:25:20,IVR,LOCKED
L-8025,C-1331,D-4064,G-5051,2024-01-24T08:16:43,ATM,FAIL
L-8026,C-1190,D-4306,G-5028,2025-04-12T22:03:24,IVR,FAIL
L-8027,C-1003,D-4025,G-5012,2025-02-08T00:23:51,ATM,SUCCESS
L-8028,C-1152,D-4271,G-5297,2025-04-11T17:52:10,ATM,SUCCESS
L-8029,C-1024,D-4150,G-5192,2024-01-02T20:27:39,IVR,LOCKED
L-8030,C-1442,D-4140,G-5285,2025-04-09T03:15:55,IVR,FAIL
L-8031,C-1254,D-4210,G-5025,2024-09-13T23:13:48,ATM,FAIL
L-8032,C-1134,D-4082,G-5007,2024-12-04T00:45:30,ATM,FAIL
L-8033,C-1216,D-4186,G-5250,2025-05-24T19:28:45,IVR,FAIL
L-8034,C-1275,D-4014,G-5292,2024-07-28T17:38:07,IVR,FAIL
L-8035,C-1393,D-4163,G-5113,2024-07-07T06:35:45,MOBILE,LOCKED
L-8036,C-1412,D-4311,G-5014,2024-02-28T16:20:19,IVR,SUCCESS
L-8037,C-1124,D-4189,G-5132,2024-08-04T03:24:52,IVR,FAIL
L-8038,C-1401,D-4066,G-5094,2024-11-29T20:19:26,IVR,FAIL
L-8039,C-1358,D-4148,G-5027,2025-04-27T05:03:06,WEB,FAIL
L-8040,C-1323,D-4171,G-5177,2025-01-13T08:52:37,MOBILE,SUCCESS
L-8041,C-1004,D-4355,G-5217,2024-05-06T18:08:20,MOBILE,SUCCESS
L-8042,C-1060,D-4089,G-5077,2024-10-02T03:02:10,ATM,SUCCESS
L-8043,C-1493,D-4390,G-5231,2023-11-06T17:46:24,IVR,FAIL
L-8044,C-1355,D-4336,G-5242,2025-02-07T03:25:58,ATM,FAIL
L-8045,C-1068,D-4391,G-5161,2025-02-14T21:02:54,WEB,FAIL
L-8046,C-1014,D-4053,G-5040,2024-10-26T12:03:25,MOBILE,FAIL
L-8047,C-1363,D-4051,G-5047,2024-08-29T00:27:48,ATM,LOCKED
L-8048,C-1417,D-4128,G-5273,2024-08-05T03:20:27,IVR,SUCCESS
L-8049,C-1003,D-4389,G-5274,2025-05-28T04:42:56,WEB,SUCCESS
L-8050,C-1242,D-4301,G-5264,2025-06-20T11:00:01,IVR,FAIL
L-8051,C-1364,D-4253,G-5286,2024-04-17T09:48:03,MOBILE,SUCCESS
L-8052,C-1447,D-4040,G-5088,2024-03-25T07:39:27,ATM,FAIL
L-8053,C-1476,D-4006,G-5139,2024-12-11T21:16:38,IVR,SUCCESS
L-8054,C-1367,D-4209,G-5134,2024-11-08T13:27:33,MOBILE,LOCKED
L-8055,C-1415,D-4217,G-5038,2024-01-04T15:32:25,MOBILE,LOCKED
L-8056,C-1056,D-4084,G-5027,2024-04-24T04:51:49,MOBILE,LOCKED
L-8057,C-1128,D-4117,G-5245,2024-06-23T01:33:28,ATM,SUCCESS
L-8058,C-1220,D-4177,G-5197,2024-10-08T11:44:03,WEB,FAIL
L-8059,C-1283,D-4179,G-5086,2024-08-06T21:02:54,ATM,FAIL
L-8060,C-1485,D-4263,G-5089,2025-01-23T02:45:39,ATM,SUCCESS
L-8061,C-1063,D-4343,G-5285,2023-11-03T03:47:40,MOBILE,LOCKED
L-8062,C-1166,D-4129,G-5185,2024-04-20T04:57:34,ATM,SUCCESS
L-8063,C-1016,D-4346,G-5219,2025-08-19T16:11:55,ATM,FAIL
L-8064,C-1334,D-4188,G-5146,2024-03-13T08:54:39,IVR,FAIL
L-8065,C-1378,D-4074,G-5100,2024-06-19T20:13:50,WEB,SUCCESS
L-8066,C-1071,D-4099,G-5078,2025-05-20T22:34:48,IVR,FAIL
L-8067,C-1394,D-4275,G-5251,2024-12-12T06:09:03,WEB,FAIL
L-8068,C-1224,D-4396,G-5203,2024-02-11T06:56:09,MOBILE,SUCCESS
L-8069,C-1340,D-4150,G-5085,2025-05-03T15:17:22,IVR,SUCCESS
L-8070,C-1015,D-4098,G-5284,2024-11-10T13:08:59,IVR,LOCKED
L-8071,C-1086,D-4037,G-5243,2024-12-17T11:52:44,ATM,LOCKED
L-8072,C-1006,D-4335,G-5277,2025-02-22T16:58:59,WEB,SUCCESS
L-8073,C-1310,D-4198,G-5126,2024-05-12T17:38:03,WEB,FAIL
L-8074,C-1168,D-4365,G-5099,2024-03-07T05:13:30,WEB,FAIL
L-8075,C-1311,D-4117,G-5166,2023-11-05T21:46:23,MOBILE,FAIL
L-8076,C-1319,D-4117,G-5169,2025-05-16T23:59:51,MOBILE,FAIL
L-8077,C-1006,D-4018,G-5053,2024-05-06T13:56:21,WEB,LOCKED
L-8078,C-1446,D-4202,G-5225,2024-05-09T02:25:31,IVR,LOCKED
L-8079,C-1146,D-4263,G-5034,2025-05-15T05:21:24,IVR,FAIL
L-8080,C-1088,D-4142,G-5130,2024-07-31T02:50:07,ATM,LOCKED
L-8081,C-1489,D-4184,G-5133,2024-07-04T20:59:58,ATM,FAIL
L-8082,C-1027,D-4272,G-5107,2024-04-24T02:06:37,ATM,LOCKED
L-8083,C-1033,D-4243,G-5111,2025-01-15T05:25:19,IVR,LOCKED
L-8084,C-1401,D-4282,G-5054,2023-12-16T13:06:44,WEB,LOCKED
L-8085,C-1351,D-4333,G-5164,2024-01-25T18:56:53,MOBILE,LOCKED
L-8086,C-1305,D-4063,G-5075,2024-12-16T06:54:04,IVR,LOCKED
L-8087,C-1262,D-4338,G-5130,2024-03-30T09:14:51,IVR,LOCKED
L-8088,C-1290,D-4296,G-5217,2023-09-03T12:22:03,MOBILE,LOCKED
L-8089,C-1306,D-4031,G-5156,2023-12-23T02:08:21,ATM,FAIL
L-8090,C-1296,D-4359,G-5068,2024-12-25T06:18:23,IVR,SUCCESS
L-8091,C-1140,D-4230,G-5070,2024-06-15T19:54:02,ATM,FAIL
L-8092,C-1119,D-4018,G-5045,2025-05-02T21:56:18,IVR,LOCKED
L-8093,C-1129,D-4089,G-5137,2025-05-04T05:23:29,MOBILE,SUCCESS
L-8094,C-1425,D-4285,G-5115,2024-11-21T15:42:32,IVR,SUCCESS
L-8095,C-1266,D-4120,G-5121,2025-04-07T02:24:18,WEB,SUCCESS
L-8096,C-1499,D-4057,G-5281,2023-09-04T04:37:41,IVR,SUCCESS
L-8097,C-1200,D-4080,G-5290,2025-06-14T08:43:19,MOBILE,SUCCESS
L-8098,C-1264,D-4263,G-5025,2024-10-31T01:10:06,MOBILE,SUCCESS
L-8099,C-1074,D-4062,G-5022,2025-08-24T16:58:13,WEB,SUCCESS
L-8100,C-1094,D-4117,G-5089,2024-11-07T16:21:20,WEB,SUCCESS
L-8101,C-1032,D-4354,G-5267,2025-05-12T23:37:32,IVR,FAIL
L-8102,C-1222,D-4194,G-5058,2024-06-12T20:37:45,WEB,SUCCESS
L-8103,C-1260,D-4323,G-5285,2024-03-21T22:26:01,IVR,LOCKED
L-8104,C-1197,D-4062,G-5005,2025-04-12T06:42:21,WEB,FAIL
L-8105,C-1096,D-4190,G-5196,2024-11-26T04:05:17,WEB,FAIL
L-8106,C-1031,D-4370,G-5120,2024-06-23T09:35:04,ATM,FAIL
L-8107,C-1332,D-4124,G-5043,2024-06-24T20:28:46,WEB,FAIL
L-8108,C-1141,D-4215,G-5281,2024-07-16T11:12:18,MOBILE,SUCCESS
L-8109,C-1161,D-4158,G-5209,2025-01-26T03:50:40,ATM,LOCKED
L-8110,C-1404,D-4050,G-5017,2025-05-15T00:24:48,WEB,SUCCESS
L-8111,C-1375,D-4395,G-5008,2024-10-02T23:07:21,IVR,FAIL
L-8112,C-1468,D-4093,G-5001,2023-10-15T04:16:50,ATM,FAIL
L-8113,C-1483,D-4168,G-5194,2025-07-23T13:48:35,IVR,SUCCESS
L-8114,C-1169,D-4010,G-5023,2023-11-29T02:50:46,IVR,FAIL
L-8115,C-1497,D-4342,G-5199,2025-01-21T04:50:35,IVR,FAIL
L-8116,C-1047,D-4037,G-5006,2024-10-17T06:22:50,IVR,FAIL
L-8117,C-1153,D-4044,G-5046,2024-01-14T23:24:50,MOBILE,FAIL
L-8118,C-1000,D-4228,G-5277,2025-06-08T20:12:44,ATM,SUCCESS
L-8119,C-1204,D-4314,G-5137,2023-12-12T14:38:47,IVR,SUCCESS
L-8120,C-1267,D-4314,G-5007,2024-11-16T08:59:39,ATM,LOCKED
L-8121,C-1389,D-4099,G-5220,2025-04-24T13:47:47,IVR,LOCKED
L-8122,C-1103,D-4150,G-5283,2025-05-01T16:42:28,MOBILE,FAIL
L-8123,C-1273,D-4371,G-5290,2023-12-17T21:12:01,IVR,SUCCESS
L-8124,C-1198,D-4310,G-5235,2024-03-02T07:15:35,WEB,LOCKED
L-8125,C-1119,D-4276,G-5221,2025-01-24T01:49:55,WEB,FAIL
L-8126,C-1270,D-4349,G-5248,2025-04-17T06:43:45,WEB,FAIL
L-8127,C-1015,D-4189,G-5219,2025-01-12T09:02:42,MOBILE,FAIL
L-8128,C-1232,D-4039,G-5291,2024-12-28T00:17:01,IVR,FAIL
L-8129,C-1011,D-4354,G-5121,2025-07-10T21:01:10,MOBILE,SUCCESS
L-8130,C-1482,D-4044,G-5067,2025-01-09T00:25:59,IVR,LOCKED
L-8131,C-1391,D-4183,G-5232,2023-12-10T12:15:45,MOBILE,FAIL
L-8132,C-1007,D-4154,G-5040,2024-03-20T09:32:13,WEB,LOCKED
L-8133,C-1188,D-4071,G-5037,2024-06-19T14:23:08,IVR,FAIL
L-8134,C-1171,D-4261,G-5160,2024-11-03T16:08:30,WEB,FAIL
L-8135,C-1249,D-4233,G-5148,2024-09-10T15:49:47,WEB,LOCKED
L-8136,C-1382,D-4070,G-5249,2023-12-11T06:19:01,ATM,FAIL
L-8137,C-1308,D-4094,G-5038,2024-01-17T19:57:36,WEB,LOCKED
L-8138,C-1344,D-4330,G-5282,2025-07-28T04:34:00,MOBILE,FAIL
L-8139,C-1047,D-4311,G-5206,2023-10-06T07:19:25,MOBILE,FAIL
L-8140,C-1136,D-4090,G-5083,2024-02-18T12:51:19,MOBILE,LOCKED
L-8141,C-1482,D-4244,G-5171,2024-08-23T20:17:29,WEB,FAIL
L-8142,C-1027,D-4362,G-5135,2024-02-03T23:00:02,ATM,FAIL
L-8143,C-1469,D-4067,G-5053,2024-02-21T12:34:33,ATM,LOCKED
L-8144,C-1150,D-4190,G-5248,2024-09-07T00:40:56,WEB,FAIL
L-8145,C-1222,D-4399,G-5258,2025-02-25T17:01:14,MOBILE,SUCCESS
L-8146,C-1432,D-4295,G-5072,2024-11-01T23:21:30,MOBILE,FAIL
L-8147,C-1254,D-4000,G-5294,2025-04-18T09:19:47,WEB,LOCKED
L-8148,C-1025,D-4032,G-5204,2024-03-23T03:44:47,MOBILE,LOCKED
L-8149,C-1460,D-4175,G-5209,2023-10-06T21:53:12,ATM,SUCCESS
L-8150,C-1235,D-4087,G-5108,2024-06-22T00:07:35,MOBILE,FAIL
L-8151,C-1433,D-4240,G-5090,2025-02-01T05:34:56,MOBILE,LOCKED
L-8152,C-1312,D-4167,G-5143,2025-03-01T19:44:43,WEB,SUCCESS
L-8153,C-1045,D-4248,G-5266,2023-10-15T12:35:01,MOBILE,SUCCESS
L-8154,C-1352,D-4134,G-5231,2024-01-31T19:45:43,MOBILE,SUCCESS
L-8155,C-1069,D-4214,G-5037,2024-09-29T07:53:22,IVR,LOCKED
L-8156,C-1473,D-4395,G-5191,2024-07-12T20:58:30,WEB,FAIL
L-8157,C-1033,D-4030,G-5179,2024-09-11T15:57:37,WEB,SUCCESS
L-8158,C-1059,D-4294,G-5190,2025-08-10T02:02:35,WEB,LOCKED
L-8159,C-1091,D-4237,G-5055,2024-04-16T04:53:12,WEB,FAIL
L-8160,C-1095,D-4218,G-5041,2025-02-25T14:04:00,WEB,LOCKED
L-8161,C-1185,D-4116,G-5225,2025-07-12T14:31:25,WEB,LOCKED
L-8162,C-1069,D-4102,G-5022,2024-10-04T02:26:57,WEB,FAIL
L-8163,C-1036,D-4220,G-5160,2024-05-06T09:11:40,WEB,SUCCESS
L-8164,C-1489,D-4247,G-5131,2024-09-14T15:24:17,WEB,LOCKED
L-8165,C-1293,D-4159,G-5287,2024-09-19T01:06:50,ATM,LOCKED
L-8166,C-1150,D-4116,G-5072,2024-03-03T13:21:10,IVR,FAIL
L-8167,C-1303,D-4284,G-5293,2023-10-05T12:46:47,MOBILE,FAIL
L-8168,C-1176,D-4067,G-5131,2025-08-16T13:13:43,ATM,FAIL
L-8169,C-1392,D-4059,G-5211,2024-03-19T18:43:47,WEB,LOCKED
L-8170,C-1406,D-4369,G-5263,2025-04-29T00:26:56,MOBILE,FAIL
L-8171,C-1103,D-4159,G-5275,2024-05-08T15:38:08,WEB,SUCCESS
L-8172,C-1461,D-4394,G-5036,2024-05-07T05:15:13,WEB,FAIL
L-8173,C-1170,D-4023,G-5078,2024-11-22T06:21:16,ATM,LOCKED
L-8174,C-1339,D-4312,G-5206,2024-06-20T15:14:38,MOBILE,LOCKED
L-8175,C-1093,D-4035,G-5239,2025-02-09T18:33:56,ATM,SUCCESS
L-8176,C-1497,D-4372,G-5184,2025-05-09T00:09:53,IVR,FAIL
L-8177,C-1268,D-4391,G-5123,2025-08-04T23:52:04,ATM,SUCCESS
L-8178,C-1215,D-4271,G-5030,2025-07-17T10:31:17,IVR,FAIL
L-8179,C-1279,D-4222,G-5019,2024-05-05T10:15:46,IVR,FAIL
L-8180,C-1099,D-4301,G-5280,2025-02-01T10:58:51,MOBILE,LOCKED
L-8181,C-1128,D-4153,G-5277,2025-04-19T22:58:50,MOBILE,LOCKED
L-8182,C-1155,D-4090,G-5162,2024-08-09T14:08:03,MOBILE,FAIL
L-8183,C-1471,D-4322,G-5152,2025-01-22T05:09:16,IVR,SUCCESS
L-8184,C-1276,D-4024,G-5169,2024-07-01T18:47:25,ATM,SUCCESS
L-8185,C-1228,D-4227,G-5141,2025-01-13T18:35:36,WEB,FAIL
L-8186,C-1184,D-4229,G-5171,2025-05-24T01:07:03,ATM,SUCCESS
L-8187,C-1186,D-4203,G-5081,2025-01-24T22:15:16,MOBILE,LOCKED
L-8188,C-1093,D-4373,G-5004,2025-08-07T02:02:50,WEB,LOCKED
L-8189,C-1479,D-4170,G-5166,2025-05-01T19:12:00,WEB,SUCCESS
L-8190,C-1252,D-4322,G-5158,2024-06-10T09:08:14,WEB,LOCKED
L-8191,C-1307,D-4052,G-5119,2025-05-28T21:13:47,WEB,SUCCESS
L-8192,C-1051,D-4236,G-5259,2025-05-09T19:54:16,IVR,SUCCESS
L-8193,C-1307,D-4351,G-5009,2024-08-18T03:32:44,MOBILE,FAIL
L-8194,C-1412,D-4151,G-5227,2024-09-19T19:14:42,IVR,SUCCESS
L-8195,C-1351,D-4359,G-5090,2024-06-20T21:24:41,MOBILE,LOCKED
L-8196,C-1012,D-4207,G-5189,2024-11-04T18:56:21,MOBILE,FAIL
L-8197,C-1418,D-4137,G-5042,2025-02-02T09:45:29,MOBILE,SUCCESS
L-8198,C-1457,D-4042,G-5069,2023-08-28T05:13:28,MOBILE,FAIL
L-8199,C-1461,D-4160,G-5289,2023-10-07T14:15:12,ATM,SUCCESS
